"court_opening_id","court_id","court_opening_desc","court_opening_type_id"
"10","3","Open for court hearings only","1"
"19","6","4.30 pm","2"
"20","6","9.00 am","1"
"22","7","9.15 am","1"
"25","9","5.00 pm","2"
"26","9","9.00 am","1"
"27","10","4.30 pm (4.00 pm Friday)","4"
"28","10","5.00 pm (4.30 pm Friday)","2"
"29","10","9.00 am","1"
"30","10","9.00 am","3"
"35","13","9.00 am","1"
"36","13","No Counter","3"
"37","13","No Counter","4"
"38","13","Open until close of Court business.","2"
"40","14","5.00 pm","2"
"42","14","9.00 am","1"
"46","16","9.00 am when court sitting","1"
"49","16","At close of business.","2"
"58","19","5.00 pm","2"
"59","19","4.00 pm","4"
"60","19","9.00 am","1"
"61","19","9.00 am","3"
"63","21","4.45 pm","2"
"65","21","8.45am","1"
"66","22","5.00 pm","2"
"67","22","8.00 am","1"
"68","23","4.45 pm","2"
"70","23","8.45 am","1"
"78","26","4.00 pm (3.30 pm Friday)","4"
"79","26","Open until close of Court business.","2"
"80","28","4.00 pm","2"
"81","28","4.00 pm","4"
"82","28","9.30 am","1"
"83","28","9.30 am","3"
"88","30","10.00 am","1"
"90","30","4.00 pm","2"
"97","32","5.00 pm","2"
"99","32","9.00 am","1"
"105","34","at close of business","2"
"106","34","9.30 am","1"
"113","36","5.00 pm","2"
"115","36","9.00 am","1"
"116","37","5.00 pm","2"
"117","37","5.00 pm","4"
"118","37","9.00 am","1"
"119","37","9.00 am","3"
"124","40","9.00 am","1"
"125","40","Open until close of Court business.","2"
"126","42","4.30 pm","4"
"127","42","5.00 pm","2"
"128","42","9.00 am","1"
"129","42","9.00 am","3"
"132","43","4.30 pm","2"
"133","43","9.00 am","1"
"134","45","5.00 pm (4.30 pm Friday)","2"
"135","45","9.00 am","1"
"144","48","9.15 am","1"
"145","49","Monday to Thursday 8.30 am to 5.00 pm Fridays 8.30 am to 4.30 pm","1"
"146","49","Monday to Thursday 8.30 am to 5.00 pm Fridays 8.30 am to 4.30 pm","3"
"147","49","Open until close of Court business.","2"
"148","49","See above Unless courts are still in session.","4"
"149","50","4.30 pm","2"
"151","50","9.00 am","1"
"154","51","No Counter","3"
"155","51","No Counter","4"
"156","51","Open until close of Court business.","2"
"163","53","5.00 pm","2"
"164","53","9.00 am","1"
"165","54","10.00 am","3"
"166","54","2.00 pm","4"
"167","54","4.00 pm","2"
"168","54","8.30 am","1"
"173","56","5.00 pm","2"
"174","56","5.00 pm","4"
"175","56","9.00 am","1"
"176","56","9.00 am","3"
"177","57","4.00 pm","2"
"178","57","4.00 pm","4"
"179","57","9.30 am","1"
"180","57","9.30 am","3"
"182","58","5.00 pm","2"
"183","58","9.00 am","1"
"184","58","9.00 am","3"
"185","59","5.00 pm","2"
"186","59","9.00 am","1"
"192","62","10.00 am","3"
"193","62","4.00 pm","2"
"194","62","2.00 pm","4"
"195","62","9.30 am","1"
"196","63","4.30 pm","2"
"198","63","9.15 am","1"
"201","64","6.00 pm","2"
"202","64","8.00 am","1"
"203","64","9.00am to 1.00pm and 1.45pm to 5.00pm","3"
"208","66","At close of business","2"
"209","66","8.30 am","1"
"210","67","9.00 am","1"
"212","67","5.00 pm","2"
"223","70","4.00 pm","2"
"224","70","9.00 am","1"
"225","71","4.00 pm","2"
"226","71","4.00 pm","4"
"227","71","9.00 am","1"
"228","71","9.00 am","3"
"229","72","4.00 pm","2"
"230","72","4.00 pm","4"
"231","72","9.30 am","1"
"232","72","9.30 am","3"
"235","73","5.00 pm","2"
"236","73","9.00 am","1"
"237","74","4.00 pm","4"
"238","74","5.00 pm","2"
"239","74","9.00 am","1"
"240","74","9.00 am","3"
"241","75","9.00 am","1"
"243","75","4.00 pm","2"
"245","76","9.30 am","1"
"246","76","4.30 pm","2"
"251","78","5.00 pm","2"
"252","78","8.00 am","1"
"253","79","10.00 am","3"
"254","79","4.00 pm","4"
"255","79","5.00 pm","2"
"256","79","8.00 am","1"
"258","80","5.00 pm","2"
"259","80","8.30 am","1"
"260","80","9.00 am","3"
"262","81","4.00 pm","2"
"264","81","9.00 am","1"
"269","83","9.00 am","1"
"272","83","Open until close of Court business.","2"
"273","85","4.00 pm","4"
"274","85","5.00 pm","2"
"275","85","9.00 am","1"
"276","85","9.30 am","3"
"277","86","Open on Wednesday only.","3"
"278","86","5.00 pm","2"
"280","86","8.15 am when sitting","1"
"281","87","4.30 pm","2"
"283","87","9.00 am","1"
"284","87","9.00 am - 11.30 am","3"
"286","88","4.00 pm","2"
"288","88","9.00 am","1"
"298","94","Open until close of Court business.","2"
"299","94","This is a rural Court and is only open when the Court is in session - Adult court sits daily, youth","1"
"305","96","4.00 pm","2"
"307","96","9.00 am","1"
"312","98","4.00 pm","2"
"313","98","4.00 pm","4"
"314","98","9.30 am","1"
"315","98","9.30 am","3"
"316","99","4.30 pm","2"
"318","99","9.00 am","1"
"324","101","4.00 pm","4"
"325","101","5.30 pm","2"
"326","101","8.30 am","1"
"327","101","09.45 am","3"
"333","104","4.00 pm","2"
"335","104","9.00 am","1"
"338","107","5.00 pm","2"
"339","107","9.00 am","1"
"341","108","4.30 pm","2"
"348","110","9.00 am","1"
"351","110","Open until close of Court business.","2"
"352","111","5.00 pm","2"
"354","111","9.00 am","1"
"358","112","9.00 am","1"
"359","112","9.00 am","3"
"361","113","4.00 pm","2"
"363","113","9.00 am","1"
"364","114","9.00 am only when the Court is sitting.","1"
"365","114","Open until close of Court business.","2"
"367","115","4.00 pm","2"
"368","115","9.00 am","1"
"370","116","10.00 am","1"
"372","116","4.00 pm","2"
"374","117","4.00 pm","4"
"375","117","10.00 am","3"
"377","118","4.30 pm","2"
"378","118","9.00 am","1"
"380","119","5.00 pm","2"
"381","119","9.00 am","1"
"382","120","Monday to Thursday: 5.00 pm,  Friday: 4.30 pm","4"
"383","120","Monday to Thursday: 5.00 pm,  Friday: 4.30 pm","2"
"384","120","9.00 am","1"
"385","120","9.00 am","3"
"387","121","Open for court hearings only.","1"
"389","123","4.30 pm","2"
"390","123","4.30 pm","4"
"392","123","9.30 am","3"
"394","125","6.00 pm","2"
"396","125","8.30 am","1"
"397","126","5.00 pm","2"
"398","126","5.00 pm","4"
"399","126","9.00 am","1"
"400","126","9.00 am","3"
"402","127","5.00 pm","2"
"403","127","9.00 am","1"
"405","128","9.00 am","1"
"408","128","Open until close of Court business.","2"
"410","129","6.00 pm","2"
"412","129","8.00 am","1"
"413","130","4.00 pm","2"
"414","130","4.00 pm","4"
"415","130","9.30 am","1"
"416","130","9.30 am","3"
"417","132","5.00 pm","2"
"418","132","5.00 pm (4.30 pm Friday)","4"
"419","132","8.30 am","1"
"420","132","8.30 am","3"
"421","134","4.00 pm","2"
"422","134","4.00 pm","4"
"423","134","9.30 am","1"
"424","134","9.30 am","3"
"425","136","5.00 pm","2"
"427","136","9.00 am","1"
"434","138","4.00 pm","2"
"436","138","10.00 am","1"
"437","140","4.00 pm","2"
"438","140","4.00 pm","4"
"439","140","9.30 am","1"
"440","140","9.30 am","3"
"441","143","10.00 am - Public","3"
"442","143","4.00 pm - Public","4"
"443","143","7.00 pm - Not Public","2"
"444","143","8.00 am - Not public.","1"
"446","145","4.00 pm","2"
"448","145","9.00 am","1"
"449","148","4.00 pm","4"
"450","148","5.00 pm","2"
"451","148","9.00 am","1"
"452","148","9.00 am","3"
"457","150","4.30 pm","4"
"458","150","5.00 pm","2"
"459","150","9.00 am","1"
"460","150","9.00 am","3"
"467","157","6.30 pm","2"
"468","157","8.30 am","1"
"474","160","4.00 pm","2"
"476","160","9.00 am","1"
"477","161","4.00 pm","2"
"478","161","4.00 pm","4"
"479","161","8.30 am","1"
"480","161","10.00 am","3"
"481","162","This is an administrative site only","1"
"482","163","4.00 pm","2"
"486","164","4.30 pm","2"
"488","164","9.00 am","1"
"490","165","4.30 pm (4.00 pm Friday)","2"
"491","165","4.30 pm (4.00 pm Friday)","4"
"492","165","9.00 am","1"
"493","165","9.00 am","3"
"498","167","4.00 pm","4"
"499","167","At close of business","2"
"500","167","9.00 am","1"
"501","167","9.00 am","3"
"502","169","9.00 am","3"
"503","169","4.30 pm","2"
"504","169","4.30 pm","4"
"505","169","9.00 am","1"
"512","176","This is a satellite Court House and is only operational during Court sessions.","1"
"513","177","9.00 am","1"
"514","177","5.00 pm","2"
"517","178","1.00 pm or at the close of business.","2"
"518","178","9.00 am and 1.45 pm","1"
"521","180","6.30 pm","2"
"522","180","7.30 am","1"
"525","181","8.30 am","1"
"529","182","The court remains open during sittings only.","1"
"530","183","4.00 pm","2"
"532","183","9.30 am","1"
"542","186","6.00 pm","2"
"543","186","8.00 am","1"
"545","187","3.00 pm","4"
"546","187","4.30 pm","2"
"547","187","9.00 am","1"
"548","187","9.15 am","3"
"552","190","4.00 pm","2"
"554","190","8.00 am","1"
"555","191","4.30 pm","2"
"556","191","9.00 am","1"
"559","192","5.00 pm","2"
"560","192","9.00 am","1"
"561","193","4.00 pm","2"
"562","193","4.00 pm","4"
"563","193","9.00 am","1"
"564","193","9.00 am","3"
"568","197","5.00 pm","2"
"569","197","9.00 am","1"
"573","198","4.00 pm","2"
"574","198","8.30 am","1"
"575","199","4.00 pm","4"
"576","199","5.00 pm","2"
"577","199","9.00 am","1"
"578","199","9.00 am","3"
"581","201","4.00 pm","2"
"582","201","4.00 pm","4"
"583","201","9.00 am","1"
"584","201","8.30 am","3"
"594","205","Open for court hearings only.","1"
"595","206","10.00 am","3"
"596","206","4.00 pm","2"
"597","206","4.00 pm","4"
"598","206","8.30 am","1"
"599","207","4.00 pm","4"
"600","207","5.00 pm","2"
"601","207","8.30 am","1"
"602","207","9.00 am","3"
"603","208","5.00 pm","2"
"604","208","9.00 am","1"
"605","208","General Enquiries  -  5.00 pm","4"
"606","208","General Enquiries  -  9.00 am","3"
"607","209","5.00 pm","2"
"608","209","8.30 am","1"
"613","211","4.00 pm","2"
"614","211","4.00 pm","4"
"615","211","9.30 am","1"
"616","211","9.30 am","3"
"618","212","4.00 pm","2"
"620","212","9.15 am","1"
"621","213","4.30 pm","2"
"622","213","9.15 am","1"
"627","215","5.00 pm","2"
"628","215","4.00 pm","4"
"629","215","8.30 am","1"
"630","215","8.30 am","3"
"631","216","This is a satellite Court House and is only operational during Court sessions.","1"
"632","217","4.30 pm","2"
"634","217","9.00 am","1"
"635","217","Mon, Wed and Fri - 9.30 - 10.30. Tues, Thurs - 9.00 - 10.00","3"
"636","218","5.00 pm","2"
"638","218","8.45 am","1"
"642","219","4.30 pm","2"
"643","219","9.30 am","1"
"646","220","Court open during sittings only.","1"
"653","223","9.00 am","1"
"654","223","9.00am to 11:30am and 1.30pm to 3.00pm","3"
"655","223","At close of business","2"
"660","228","4.00 pm","2"
"661","228","9.00 am","1"
"662","229","4.00 pm","2"
"663","229","4.00 pm","4"
"664","229","9.30 am","1"
"665","229","9.30 am","3"
"666","230","4.30 pm (4.00 pm Friday)","4"
"667","230","5.00 pm (4.30 pm Friday)","2"
"668","230","9.00 am","1"
"669","230","9.00 am","3"
"670","231","4.30 pm and on Fridays","2"
"672","231","9.00 am","1"
"673","231","9.30 am - 10.30 am","3"
"675","233","At close of business","2"
"676","233","8.00 am Tuesday - Friday only","1"
"677","233","10.00 am Tuesday - Friday only","3"
"680","235","4.00 pm","2"
"681","235","4.00 pm","4"
"682","235","9.30 am","1"
"683","235","9.30 am","3"
"686","239","10.00 am","1"
"688","239","2.00 pm","2"
"693","243","5.00 pm","12"
"694","243","At close of business.","2"
"695","243","9.00 am","1"
"696","243","8.30 am","11"
"697","245","4.00 pm","2"
"698","245","4.00 pm","4"
"699","245","9.30 am","1"
"700","245","9.30 am","3"
"704","248","8.30 am, hearings from 9.00am","1"
"705","248","5.00pm Monday - Thursday, 4.30pm Friday","2"
"714","252","5.00 pm","2"
"715","252","9.00 am","1"
"717","253","when court business completed.","2"
"720","254","4.30 pm","2"
"724","255","5.00 pm (4.30 pm Friday)","2"
"725","255","8.30 am","1"
"726","255","No payment Counter.  Enquiry Counter closes 4.00 pm","4"
"727","255","No payment Counter.  Enquiry Counter opens at 9.30 am","3"
"728","257","5.00 pm","2"
"729","257","9.00 am","1"
"730","258","4.00 pm","4"
"731","258","4.00 pm","2"
"732","258","9.00 am","1"
"733","258","9.00 am","3"
"738","261","4.00 pm","2"
"740","261","8.30 am","1"
"741","262","5.00 pm (4.30 pm Friday)","4"
"742","262","9.00 am","1"
"743","262","9.00 am","3"
"756","267","5.00 pm","2"
"757","267","8.30 am","1"
"758","268","4.00 pm (3.30 pm Friday)","4"
"759","268","9.00 am","1"
"760","268","9.30 am Monday to Friday","3"
"762","269","5.00 pm","2"
"763","269","5.00 pm","4"
"764","269","9.00 am","1"
"765","269","9.00 am","3"
"771","271","4.00 pm","2"
"773","271","9.00 am","1"
"774","272","4.00 pm","2"
"775","272","4.00 pm","4"
"776","272","9.00 am","1"
"777","272","9.30 am","3"
"782","274","4.30 pm","2"
"783","274","9.00 am","1"
"784","275","4.00 pm","4"
"785","275","4.30 pm","2"
"786","275","9.00 am","1"
"787","275","Enquiries Only - 9.00 am","3"
"789","276","4.00 pm","2"
"791","276","9.00 am","1"
"792","277","4.30 pm","2"
"793","277","4.30 pm","4"
"794","277","8.30 am","1"
"795","277","8.30 am","3"
"800","282","5.00 pm","2"
"801","282","8.30 am","1"
"802","284","5.00 pm","2"
"803","284","9.00 am","1"
"804","285","10.00 am","3"
"805","285","4.00 pm","2"
"806","285","12 noon","4"
"807","285","9.00 am","1"
"810","287","4.00 pm","2"
"811","287","10.00 am","1"
"812","288","4.30 pm","2"
"816","289","At close of business","2"
"818","289","9.00 am","1"
"819","289","9.00am to 11:00am and 1:30pm to 2:30pm","3"
"825","292","Open for court hearings only.","1"
"833","296","4.30 pm","2"
"834","296","9.00 am","1"
"836","297","Currently open during sittings only.","1"
"837","300","9.00 am","1"
"838","300","4.00 pm","2"
"839","301","5.00 pm","2"
"840","301","5.00 pm","4"
"841","301","9.00 am","1"
"842","301","9.00 am","3"
"858","308","5.00 pm","4"
"859","308","5.30 pm","2"
"860","308","8.30 am","1"
"861","308","9.00 am","3"
"862","309","5.00 pm","2"
"863","309","5.00 pm","4"
"864","309","9.00 am","1"
"865","309","9.00 am","3"
"867","310","4.00 pm","2"
"869","310","8.30 am","1"
"870","311","5.00 pm","2"
"871","311","4.00 pm","4"
"872","311","8.00 am","1"
"873","311","9.00 am","3"
"874","312","4.00 pm","2"
"875","312","4.00 pm","4"
"876","312","9.30 am","1"
"877","312","9.30 am","3"
"878","313","4.00 pm","2"
"879","313","4.00 pm","4"
"880","313","9.00 am","1"
"881","313","9.00 am","3"
"882","314","9.30 am (When in session)","1"
"883","315","5.00 pm","4"
"884","315","7.00 am","1"
"885","315","7.00 pm","2"
"886","315","9.00 am","3"
"887","318","10am until 2pm Wednesday and Friday only","3"
"888","318","4.00 pm","2"
"890","318","9.00 am","1"
"891","319","10.00 am until 4.00pm (fines enquiries only)","3"
"893","319","4.00 pm","2"
"894","319","9.00 am","1"
"895","320","10.00 am (9.30 am on hearing days)","1"
"896","320","10.00 am","3"
"897","320","4.00 pm","2"
"898","320","2.00 pm","4"
"899","321","1.00 pm / close of business","2"
"900","321","9.00 am and 1.45 pm","1"
"905","323","5.00 pm","2"
"906","323","9.00 am","1"
"907","324","10.00 am","1"
"909","324","4.00 pm","2"
"915","326","At close of  business","2"
"919","327","5.00 pm","2"
"921","327","9.00 am","1"
"922","328","4.00 pm","4"
"923","328","5.00 pm","2"
"924","328","9.00 am","1"
"925","328","9.30 am","3"
"926","330","5.00 pm","2"
"927","330","9.00 am","1"
"936","333","5.00 pm","2"
"937","333","8.30 am","1"
"938","334","4.00 pm","2"
"940","334","9.00 am","1"
"942","335","9.30am","1"
"944","335","4.00 pm","2"
"946","337","4.00 pm","4"
"948","337","8.00 am","1"
"949","337","10.00 am","3"
"955","340","8.00 am","1"
"956","340","9.30 am -  4.00 pm. Enquiries and Fixed Penalty counter","3"
"957","340","6.00 pm","2"
"958","341","10.00 am","3"
"959","341","2.00 pm","4"
"960","341","5.00 pm","2"
"961","341","9.00 am","1"
"962","342","5.00 pm","2"
"963","342","4.00 pm","8"
"964","342","9.00 am","1"
"965","342","9.00 am","7"
"970","344","4.00pm","2"
"971","344","10.00 am","1"
"972","345","5.00 pm","2"
"973","345","5.00 pm","4"
"974","345","8.00 am","1"
"975","345","9.00 am","3"
"980","349","5.00 pm","2"
"981","349","8.30 am","1"
"982","349","Crown Court 8.30 am","3"
"983","349","Crown Court 4.30 pm","4"
"986","351","9.00 am","1"
"989","352","4.45 pm","2"
"990","352","9.00 am","1"
"991","353","5.00 pm","2"
"992","353","5.00 pm","4"
"993","353","9.00 am","1"
"994","353","9.00 am","3"
"995","354","5.00 pm or until Courts in session finish.","2"
"996","354","9.00 am","1"
"997","355","4.00 pm","2"
"998","355","4.00 pm","4"
"999","355","9.30 am","1"
"1000","355","9.30 am","3"
"1004","357","9.00 am to 5.00 pm","1"
"1006","357","9.00 am to 5.00 pm","3"
"1007","358","4.00 pm","2"
"1008","358","4.00 pm","4"
"1009","358","9.30 am","1"
"1010","358","9.30 am","3"
"1013","359","9.00 am","1"
"1015","360","4.30 pm","4"
"1016","360","Monday to Thursday: 5.00 pm,  Friday: 4.30 pm","2"
"1017","360","9.00 am","1"
"1018","360","9.00 am","3"
"1021","361","5.00 pm","2"
"1022","361","9.00 am","1"
"1026","362","Open for Court Hearings only","1"
"1029","365","4.30 pm","2"
"1030","365","4.30 pm","4"
"1031","365","10.00 am","1"
"1032","365","10.00 am","3"
"1039","370","At the end of court business","2"
"1041","370","9.00 am","1"
"1049","373","9.00 am","1"
"1050","373","5.00 pm (4.30 pm Friday)","2"
"1052","374","4.00 pm","2"
"1054","374","9.00 am","1"
"1056","375","5.00 pm","2"
"1057","375","5.00 pm","4"
"1058","375","8.00 am","1"
"1059","375","9.00 am","3"
"1063","378","4.30 pm","2"
"1064","378","9.00 am","1"
"1067","380","5.00 pm","2"
"1068","380","7.45 am","1"
"1069","381","5.00 pm","2"
"1070","381","5.00 pm","4"
"1071","381","9.00 am","1"
"1072","381","9.00 am","3"
"1073","382","4.00 pm","2"
"1074","382","4.00 pm","4"
"1075","382","9.30 am","1"
"1076","382","9.30 am","3"
"1079","383","9.00 am","1"
"1081","386","5.00 pm","4"
"1082","386","5.30 pm","2"
"1083","386","9.00 am","1"
"1084","386","9.00 am","3"
"1097","390","4.00 pm","2"
"1098","390","4.00 pm","4"
"1099","390","9.30 am","1"
"1100","390","9.30 am","3"
"1108","394","4.00 pm","2"
"1110","394","9.30 am","1"
"1112","395","9.00 am","1"
"1113","395","4.00 pm","2"
"1117","400","4.00 pm","2"
"1118","400","9.00 am","1"
"1129","405","Please contact Newcastle District Probate Registry for opening times.","1"
"1134","408","4.00 pm","2"
"1136","408","8.30am","1"
"1137","409","5.00 pm (4.30 pm Friday)","2"
"1138","409","5.00 pm (4.30 pm Friday)","4"
"1139","409","9.00 am","1"
"1140","409","9.00 am","3"
"1141","412","5.00 pm","2"
"1142","412","9.00 am","1"
"1143","413","4.00 pm","2"
"1144","413","9.00 am","1"
"1147","414","4.00 pm","2"
"1148","414","9.30 am","1"
"1149","415","10.00 am","1"
"1151","415","4.00 pm","2"
"1165","421","9.00 am","1"
"1166","421","5.00pm Monday- Thursday, 4.30pm Friday","2"
"1167","422","9.00 am","1"
"1168","422","Open until close of Court business.","2"
"1169","423","10.00 am","3"
"1170","423","4.00 pm","4"
"1171","423","5.00 pm","2"
"1172","423","8.30 am","1"
"1173","424","4.00 pm","2"
"1174","424","4.00 pm","4"
"1175","424","9.30 am","1"
"1176","424","9.30 am","3"
"1177","425","4.00 pm","2"
"1179","425","9.00 am","1"
"1181","426","4.00 pm","4"
"1182","426","6.00 pm","2"
"1183","426","8.00 am","1"
"1184","426","8.00 am","3"
"1185","427","4.00 pm","4"
"1186","427","5.00 pm","2"
"1187","427","9.00 am","1"
"1188","427","10.00 am","3"
"1189","430","5.00 pm","2"
"1190","430","5.00 pm (4.30 pm Friday)","4"
"1191","430","8.30 am","1"
"1192","430","8.30 am","3"
"1196","432","9.00 am","1"
"1197","432","Open until close of Court business.","2"
"1198","433","4.30 pm","2"
"1199","433","9.00 am","1"
"1201","438","4.00 pm","2"
"1202","438","8.00 am","1"
"1203","440","8.30 am","3"
"1204","440","8.30 am","1"
"1205","440","5.00 pm (4.30 pm Friday)","4"
"1206","440","5.00 pm (4.30 pm Friday)","2"
"1207","443","9.00 am","1"
"1208","443","Open until close of Court business.","2"
"1215","445","5.00 pm","2"
"1216","445","8.30 am","1"
"1218","446","5.00 pm","2"
"1221","447","4.00 pm","2"
"1222","447","4.00 pm","4"
"1223","447","9.30 am","1"
"1224","447","9.30 am","3"
"1226","448","4.00 pm","2"
"1228","448","9.00 am","1"
"1229","449","5.00 pm","2"
"1230","449","5.00 pm","4"
"1231","449","8.30 am","1"
"1232","449","8.30 am","3"
"1233","450","5.00 pm Monday to Thursday. Closed 4.30 pm on Friday.","2"
"1234","450","4.00 pm (3.30 pm Friday)","4"
"1235","450","9.00 am","1"
"1236","450","9.30 am","3"
"1243","452","5.00 pm","2"
"1244","452","8.00 am","1"
"1245","453","3.30 pm","4"
"1246","453","9.00 am","1"
"1248","453","Open until close of Court business.","2"
"1252","455","4.30 pm","2"
"1253","455","9.00 am","1"
"1256","456","5.00 pm","2"
"1257","456","9.00 am","1"
"1261","457","9.00 am","1"
"1269","460","10.00 am","3"
"1270","460","2.00 pm","4"
"1271","460","6.00 pm","2"
"1272","460","8.00 am","1"
"1273","461","4.00 pm","2"
"1274","461","4.00 pm","4"
"1275","461","9.30 am","1"
"1276","461","9.30 am","3"
"1277","462","4.30 pm (4.00 pm Friday)","2"
"1278","462","4.30 pm (4.00 pm Friday)","4"
"1279","462","9.00 am","3"
"1280","462","9.00 am","1"
"1296","468","5.00 pm","2"
"1297","468","8.30 am","1"
"1299","469","5.00 pm","2"
"1300","469","9.00 am","1"
"1306","471","This is a satellite Court House and is only operational during Court sessions.","1"
"1308","474","4.00 pm","4"
"1309","474","5.00 pm","2"
"1310","474","9.00 am","1"
"1311","474","9.00 am","3"
"1326","481","4.30 pm","4"
"1327","481","5.00 pm","2"
"1328","481","8.30 am","1"
"1329","481","8.30 am","3"
"1330","484","4.30 pm (4.00 pm Friday)","4"
"1331","484","5.00 pm (4.30 pm Friday)","2"
"1332","484","9.00 am","1"
"1333","484","9.00 am","3"
"1334","485","4.30 pm","2"
"1335","485","9.00 am","1"
"1338","486","5.00 pm","2"
"1339","486","8.30 am","1"
"1341","487","4.00 pm","4"
"1342","487","9.00 am","1"
"1343","487","10.00 am","3"
"1352","492","4.00 pm","2"
"1354","492","8.30 am","1"
"1356","493","5.00 pm (4.30 pm Friday)","4"
"1357","493","5.30 pm","2"
"1358","493","8.30 am","1"
"1359","493","9.00 am","3"
"1360","494","5.00 pm Monday - Thursday, 4.30pm Friday","2"
"1362","494","9.00 am","1"
"1368","497","5.00 pm","2"
"1369","497","9.00 am","1"
"1371","498","4.00 pm","2"
"1372","498","9.00 am","1"
"1373","498","9.00 am","3"
"1375","499","When court has finished sitting.","2"
"1376","499","9.15 am Monday &Thursday, 9.00am Friday. Closed Tuesday and Wednesday","1"
"1379","500","4.00 pm","2"
"1380","500","9.00 am","1"
"1388","503","4.00 pm","2"
"1389","503","9.00 am","1"
"1399","506","4.00 pm","2"
"1401","506","9.00 am","1"
"1403","507","4.00 pm","2"
"1405","507","9.00 am","1"
"1406","508","10.00 am Finance, 9.15 am Admin Office","3"
"1407","508","3.30 pm Finance, when building closes for Admin Office","4"
"1408","508","4.00 pm or when courts finish whichever is the latest","2"
"1409","508","9.15 am","1"
"1434","518","5.00 pm","2"
"1435","518","2.00 pm","4"
"1436","518","9.00 am","1"
"1437","518","10.00 am","3"
"1440","519","5.00 pm (4.30pm on Friday)","2"
"1441","519","8.30am","1"
"1443","520","5.00 pm (4.30 pm Friday)","2"
"1444","520","8.30 am","1"
"1448","523","5.00 pm","2"
"1449","523","5.00 pm","4"
"1450","523","9.00 am","1"
"1451","523","9.00 am","3"
"1454","524","5.00 pm","2"
"1455","524","9.00 am","1"
"1456","526","4.00 pm","2"
"1457","526","4.00 pm","4"
"1458","526","9.30 am","1"
"1459","526","9.30 am","3"
"1466","530","5.00 pm","2"
"1467","530","9.00 am","1"
"1468","531","4.30 pm","2"
"1469","531","9.00 am","1"
"1474","534","4.30 pm","2"
"1475","534","9.00 am","1"
"1477","535","4.00 pm","2"
"1479","535","8.30 am","1"
"1480","536","9.00 am","1"
"1483","536","Open until close of court business.","2"
"1487","538","9.00 am","1"
"1488","538","4.00 pm","2"
"1494","544","5.00 pm","2"
"1495","544","9.00 am","1"
"1497","545","4.00 pm","2"
"1499","545","8.30 am Bailiff Office and 10.00 am General Office.","1"
"1500","547","4.00 pm","4"
"1501","547","5.00 pm","2"
"1502","547","9.00 am","1"
"1503","547","9.00 am","3"
"1509","551","5.00 pm","2"
"1510","551","9.00 am","1"
"1513","552","7.00 pm","2"
"1514","552","7.30 am","1"
"1516","553","4.30 pm","2"
"1517","553","9.00 am","1"
"1518","554","9.00 am","1"
"1519","554","Open until close of Court business.","2"
"1524","556","4.00 pm","2"
"1525","556","9.00 am","1"
"1526","557","5.00 pm","4"
"1527","557","6.00 pm","2"
"1528","557","8.00 am","1"
"1529","557","9.00 am","3"
"1530","558","Only open when Courts are in session","1"
"1531","558","Open until close of Court business.","2"
"1534","559","5.00 pm","2"
"1535","559","9.00 am","1"
"1537","562","5.00 pm","2"
"1539","562","8.30 am","1"
"1540","563","4.00 pm","4"
"1541","563","5.00 pm","2"
"1542","563","9.00 am","1"
"1543","563","9.00 am","3"
"1548","565","4.00 pm (3.45 pm Friday)","4"
"1549","565","9.00 am","1"
"1550","565","9.00 am","3"
"1551","565","Open until close of Court business.","2"
"1554","567","4.00 pm","2"
"1555","567","9.00 am","1"
"1556","568","4.00 pm","4"
"1557","568","4.00 pm","2"
"1558","568","9.00 am","1"
"1559","568","9.00 am","3"
"1570","574","4.00 pm","2"
"1572","574","9.30 am","1"
"1579","577","4.00 pm","2"
"1581","577","9.15 am","1"
"1582","578","4.30 pm","2"
"1584","578","9.00 am","1"
"1585","578","9.00 - 11.00 am and 1.30 - 2.30pm","3"
"1591","583","5.00 pm","2"
"1592","583","9.30 am","1"
"1602","589","5.00 pm","2"
"1603","589","4.00 pm","4"
"1604","589","9.00 am","1"
"1605","589","9.30 am","3"
"1608","590","8.30 am","1"
"1612","591","5.00 pm","2"
"1613","591","9.00 am","1"
"1614","592","4.30 pm (3.45 pm Friday)","2"
"1615","592","4.30 pm (3.45 pm Friday) - Admin only","4"
"1616","592","9.00 am","1"
"1617","592","9.00 am","3"
"1630","597","5.00 pm","2"
"1631","597","9.00 am","1"
"1632","598","10.00 am","3"
"1633","598","4.00 pm","4"
"1634","598","5.00 pm","2"
"1635","598","9.00 am","1"
"1637","600","6.00 pm","2"
"1638","600","7.45 am","1"
"1640","602","10.00 am","3"
"1641","602","2.00 pm","4"
"1642","602","At close of business","2"
"1643","602","9.00 am","1"
"1644","603","4.30 pm","2"
"1645","603","9.00 am","1"
"1650","606","9.00 am","1"
"1652","606","4.00 pm","2"
"1658","608","5.00 pm","2"
"1659","608","9.00 am","1"
"1661","609","9.00 am","1"
"1662","609","Open until close of Court business.","2"
"1667","612","4.00 pm","4"
"1668","612","4.30 pm","2"
"1669","612","9.30 am","1"
"1670","612","9.30 am","3"
"1671","613","5.00 pm","2"
"1672","613","4.00 pm","4"
"1673","613","9.00 am","1"
"1674","613","9.00 am","3"
"1676","616","5.30 pm","2"
"1679","617","4.00 pm","4"
"1680","617","5.30 pm","2"
"1681","617","8.30 am","1"
"1682","617","9.00 am","3"
"1683","618","4.00 pm","4"
"1684","618","4.30 pm","2"
"1687","619","9.00 am","1"
"1688","619","4.00 pm","2"
"1692","622","4.00 pm","2"
"1694","622","10.00 am","1"
"1703","628","4.00 pm","4"
"1704","628","5.00 pm","2"
"1705","628","9.00am","1"
"1706","628","9.30 am","3"
"1709","629","5.00 pm","2"
"1710","629","9.00 am","1"
"1712","630","4.30 pm (4.15 pm Friday)","2"
"1716","631","4.00 pm","2"
"1718","631","9.00 am","1"
"1723","634","5.00 pm","2"
"1724","634","5.00 pm","4"
"1725","634","9.00 am","3"
"1726","634","9.00 am","1"
"1729","635","5.00 pm or as long as courts are still sitting.","2"
"1730","635","8.30 am","1"
"1731","636","4.00 pm","2"
"1732","636","4.00 pm","4"
"1733","636","9.30 am","3"
"1734","636","9.30 am","1"
"1743","641","1.00 pm / close of business","2"
"1744","641","9.00 am and 1.45 pm","1"
"1745","643","4.00 pm","2"
"1746","643","9.00 am","1"
"1752","647","4.00 pm","2"
"1754","647","9.00 am","1"
"1755","648","4.30 pm","4"
"1756","648","4.30 pm","2"
"1757","648","9.00 am","1"
"1758","648","9.00 am","3"
"1761","650","5.00 pm","2"
"1762","650","9.00 am","1"
"1763","653","4.00 pm","2"
"1765","653","8.30 am","1"
"1768","654","5.00 pm","4"
"1770","654","8.30 am","3"
"1780","659","5.00 pm","2"
"1781","659","4.00 pm","4"
"1782","659","8.30 am","1"
"1783","659","9.00 am","3"
"1789","661","4.00 pm","2"
"1791","661","9.00 am","1"
"1794","662","9.00 am","1"
"1797","665","4.00 pm","2"
"1798","665","4.00 pm","4"
"1799","665","9.30 am","1"
"1800","665","9.30 am","3"
"1813","671","9.00 am Crown Court","3"
"1814","671","5.00 pm Crown Court","4"
"1815","671","5.00 pm","2"
"1816","671","8.00 am","1"
"1817","672","5.00 pm","4"
"1818","672","5.00 pm","2"
"1819","672","9.00 am","1"
"1820","672","9.00 am","3"
"1821","673","5.00 pm","2"
"1822","673","5.00 pm","4"
"1823","673","9.00 am","1"
"1824","673","9.00 am","3"
"1827","678","5.30 pm","2"
"1828","678","8.30 am","1"
"1829","679","5.00 pm","2"
"1830","679","9.00 am","1"
"1831","680","5.00 pm","2"
"1832","680","4.00 pm (magistrates' court 5.00pm)","4"
"1833","680","9.00 am","1"
"1834","680","9.00 am","3"
"1835","681","Only when court sitting until close of business.","1"
"1844","683","4.30 pm","2"
"1845","683","8.45 am","1"
"1847","684","4.30 pm","2"
"1848","684","4.00 pm","4"
"1849","684","8.45 am","1"
"1850","684","Enquiries Only - 9.00 am","3"
"1856","689","4.00 pm","2"
"1858","689","8.45 am","1"
"1861","691","4.30 pm","2"
"1862","691","8.30 am","1"
"1863","692","4.00 pm","4"
"1864","692","5.00 pm","2"
"1865","692","9.00am","1"
"1866","692","10.00am","3"
"1867","693","4.00 pm","4"
"1868","693","5.00 pm","2"
"1869","693","9.30 am","1"
"1870","693","9.30 am","3"
"1873","694","by appointment only","1"
"1875","221","9.00 am","1"
"1876","221","4.00 pm","2"
"1879","700","10.00 am","1"
"1880","700","4.30 pm","2"
"1881","716","9.00 am","1"
"1882","716","4.30 pm","2"
"1883","716","10.00 am","3"
"1884","716","4.30 pm","4"
"1885","256","9.00 am","1"
"1886","256","4.00 pm","2"
"1887","172","9.00 am","1"
"1888","172","4.00 pm","2"
"1891","262","5.00 pm (4.30 pm Friday)","2"
"1904","159","9.00 am","1"
"1906","159","9.30 am","3"
"1907","159","4.00 pm","4"
"1912","84","8.00 am","1"
"1913","84","5.00 pm","2"
"1914","84","10.00 am  Bailiffs (8.30 am)","3"
"1915","84","4.00 pm","4"
"1916","396","9.00 am","1"
"1917","396","4.00 pm","2"
"1918","601","8.45 am","1"
"1919","601","5.00 pm","2"
"1920","601","9.00 am","3"
"1921","601","4.00 pm","4"
"1924","133","9.00 am","1"
"1925","133","4.30 pm","2"
"1940","441","8.30 am","1"
"1941","441","5.00 pm","2"
"1944","252","8.30 am","5"
"1945","252","10.00 am","6"
"1949","25","9.30 am","1"
"1950","25","4.00 pm","2"
"1953","156","9.00 am","1"
"1954","156","4.00 pm","2"
"1955","156","8.30 am","5"
"1956","156","10.00 am","6"
"1967","240","9.00 am","1"
"1968","240","5.00 pm","2"
"1969","240","9.00 am","3"
"1970","240","5.00pm","4"
"1985","385","8.00 am","1"
"1986","385","5.30 pm","2"
"1987","385","9.00 am","3"
"1988","385","5.00 pm","4"
"1989","423","8.30 am","5"
"1990","423","4.00 pm","6"
"1991","560","9.00 am","1"
"1992","560","4.00 pm","2"
"1993","570","9.15 am","1"
"1994","570","4.00 pm","2"
"1995","561","9.00 am","1"
"1996","561","4.00 pm","2"
"1999","584","9.00 am","1"
"2000","584","4.00 pm","2"
"2005","244","9.00 am","1"
"2006","244","Till close of business.","2"
"2007","244","8.30 am","11"
"2008","244","5.00 pm","12"
"2009","588","9.00 am","1"
"2010","588","4.00 pm","2"
"2015","711","9.00 am","1"
"2016","711","4.00 pm","2"
"2021","713","9.00 am","1"
"2022","713","4.00 pm","2"
"2025","354","9.30 am","3"
"2026","354","4.00 pm","4"
"2029","710","9.00 am","1"
"2030","710","4.30 pm","2"
"2031","710","10.00 am","3"
"2032","710","4.30 pm","4"
"2033","117","10.00 am","1"
"2034","117","4.00 pm","2"
"2035","550","7.30 am","1"
"2036","550","5.30 pm","2"
"2039","525","9.00 am","1"
"2040","525","Until the close of court business.","2"
"2041","525","9.00 am","3"
"2042","525","4.00 pm","4"
"2045","664","8.30 am","1"
"2046","664","5.00 pm","2"
"2047","666","9.00 am (Closed between 1.00 - 1.30pm)","1"
"2048","666","4.30 pm","2"
"2049","592","9.00 am","9"
"2050","592","4.00 pm (3.30 pm Friday)","10"
"2051","720","Open for Court Hearings only.","1"
"2053","721","9.00 am","1"
"2054","721","5.00 pm","2"
"2055","721","10.00 am","3"
"2056","721","5.00 pm","4"
"2057","722","Open specifically for Court Hearings only.","1"
"2059","403","7.45 am","1"
"2060","403","6.00 pm","2"
"2069","651","9.00am","1"
"2070","651","5.00 pm","2"
"2075","546","9.00 am","1"
"2076","546","4.30 pm (4.00 pm Friday)","2"
"2077","103","9.00am","1"
"2078","103","4.30 pm","2"
"2083","599","9.00 am","1"
"2084","599","4.30 pm - Monday to Thursday","2"
"2085","599","9.00 am","3"
"2086","44","9.00 am","1"
"2087","44","4.30 pm","2"
"2088","44","8.30 am","13"
"2089","44","5.00 pm","14"
"2090","542","9.00 am","1"
"2091","542","5.00 pm","2"
"2092","542","9.00 am","3"
"2093","542","4.00 pm","4"
"2094","170","9.00 am","1"
"2095","439","9.00 am","1"
"2097","439","9.00 am","3"
"2098","439","4.00 pm","4"
"2099","723","8.00 am","1"
"2100","723","5.00 pm","2"
"2101","723","9.30 am","3"
"2102","723","4.00 pm","4"
"2103","724","9.00 am","1"
"2104","724","4.00 pm","2"
"2213","651","10.00 am","3"
"2214","651","2.00 pm","4"
"2215","651","9.00 am","13"
"2216","651","5.00 pm","14"
"2218","726","8.00 am","1"
"2219","726","6.00 pm","2"
"2220","726","9.00 am","15"
"2221","726","5.00 pm","16"
"2224","131","9.00 am","1"
"2225","131","5.00 pm","2"
"2226","131","10.00 am","3"
"2227","131","2.00 pm","4"
"2228","139","Open for court hearings only.","1"
"2231","644","Monday to Friday 9 am to 4 pm","1"
"2233","730","8.30 am","3"
"2234","730","5.00 pm (4.30 pm Friday)","4"
"2239","697","10.00 am","3"
"2240","697","4.30 pm","4"
"2243","701","10.00 am","3"
"2244","701","4.30 pm","4"
"2245","701","9.00 am","11"
"2246","701","5.00 pm","12"
"2247","732","Open for court hearings only.","1"
"2255","666","9.00 am","21"
"2256","666","4.30 pm","22"
"2258","735","5.00 pm","2"
"2259","735","10.00 am","3"
"2260","735","2.00 pm","4"
"2261","735","8.30 am - 10.30 am","23"
"2265","153","9.00 am","1"
"2266","153","Till close of business.","2"
"2267","153","8.30 am","11"
"2268","153","5.00 pm","12"
"2269","581","9.00 am","1"
"2270","581","Till close of business.","2"
"2271","581","8.30 am","11"
"2272","581","5.00 pm","12"
"2279","170","10.00 am  to 4.00 pm","3"
"2281","103","8.30 am to 5.00 pm","13"
"2282","736","8.30 am to 4.00 pm","25"
"2283","736","8.30 am to 5.00 pm","13"
"2284","737","9.00 am to 5.00 pm (Monday - Friday)","27"
"2285","738","9.00 am","1"
"2286","738","4.00 pm","2"
"2287","739","9.00 am","1"
"2288","739","4.00 pm","2"
"2295","740","4.00 pm","4"
"2296","740","10.00 am","3"
"2297","740","10.00 am","1"
"2298","740","4.00 pm","2"
"2303","416","8.30 am","1"
"2304","416","5.00 pm","2"
"2305","482","Open for court hearings only.","1"
"2307","479","9.00 am","1"
"2308","479","4.00 pm","2"
"2309","263","9.30 am","1"
"2310","263","4.00 pm","2"
"2311","686","9.30 am","1"
"2313","624","8.30 am","1"
"2314","624","4.30 pm","2"
"2319","631","9.00 am","13"
"2320","631","5.00 pm","14"
"2323","550","7.30 am","5"
"2324","550","9.30 am","6"
"2325","483","8.00 am","1"
"2326","483","5.00 pm","2"
"2331","504","9am to 4.30pm to the public and Court Users","1"
"2332","504","9am to 4.00 pm","3"
"2340","242","8.30 am","1"
"2344","105","9.00 am","1"
"2345","105","5 pm","2"
"2348","242","4.30 pm","2"
"2353","540","9.00 am","1"
"2354","540","5.00 pm","2"
"2355","540","9.00 am","3"
"2356","540","5.00 pm","4"
"2358","181","5.00 pm","2"
"2359","181","9.00 am","3"
"2360","181","5.00 pm","4"
"2361","242","8.30 am","13"
"2362","242","5.00 pm","14"
"2365","373","9.30 am","3"
"2366","373","4.30 pm (Fridays 4.00 pm)","4"
"2367","45","9.30 am","3"
"2368","45","4.30 pm (Fridays 4.00 pm)","4"
"2369","575","8.30 am","1"
"2370","575","6.00 pm","2"
"2373","590","5.00 pm","2"
"2374","58","5.00 pm","4"
"2375","39","8.30 am","1"
"2376","39","4.00 pm","2"
"2377","39","9.30 am","5"
"2378","39","10.00 am","21"
"2379","39","2.00 pm","22"
"2380","548","9.00 am","1"
"2381","548","4.30 pm","2"
"2382","548","9.30 am","3"
"2383","548","4.30 am","4"
"2384","495","9.00 am (Monday  - Friday)","1"
"2385","495","4.30 pm  (Monday  - Friday)","2"
"2386","539","08.00 am","1"
"2387","539","18.00 pm","2"
"2388","539","09.00 am","7"
"2389","539","17.00 pm","8"
"2403","618","9.00 am","1"
"2404","618","9.00 am","3"
"2405","616","8.30 am","1"
"2406","650","10.00 am","3"
"2407","650","2.00 pm","4"
"2408","605","9.00 am (Monday - Friday)","1"
"2409","605","4.30 pm","2"
"2410","605","9.00am - 11.00am then 1.30pm - 2.30pm","3"
"2412","662","4.00 pm","2"
"2413","662","9.00 am","3"
"2414","662","4.00 pm","4"
"2422","728","10.00 am","13"
"2426","35","9.30 am","3"
"2427","35","4.00 pm","4"
"2428","746","9:00 am","1"
"2429","746","5:00 pm","4"
"2430","630","9:00 am","1"
"2431","630","9:00am  - 11am and 1.30pm - 2.30pm","3"
"2432","627","8.30 am","21"
"2433","627","4.00 pm","22"
"2440","26","8:45 am","1"
"2441","26","8:45 am","3"
"2442","453","9.00 am","3"
"2443","747","8:30 am Monday - Friday","1"
"2444","747","5 pm (Monday - Thursday) and 4:30 pm Friday","2"
"2445","564","8.30 am","1"
"2446","564","6.00 pm","2"
"2447","446","9.00 am","1"
"2448","326","8:30 am","1"
"2449","253","9.00 am","1"
"2450","80","5pm (Mon-Thu) & 4.30 (Fri)","4"
"2456","654","8.30 am","1"
"2457","654","5.00 pm (Mon to Thu) & 4.00 pm (Fri )","2"
"2459","159","4.00 pm","2"
"2460","108","9:15 am","1"
"2462","487","5.00 pm","2"
"2463","337","At close of business","2"
"2465","35","At close of business","2"
"2467","112","5.00 pm","2"
"2468","112","4.00 pm","4"
"2469","383","5:00 pm","2"
"2471","439","4.00 pm ( Mon to Fri)","2"
"2480","163","9 am","1"
"2484","51","9.00 am (only open on days when Court is sitting)","1"
"2486","123","9.15 am","1"
"2487","35","9.15 am (Mon-Thurs) 9.00 am (Fri)","1"
"2489","379","9.00 am","1"
"2490","379","Open until close of court business","2"
"2491","218","9.00 am","3"
"2492","218","4.30 pm","4"
"2495","351","This is a hearing Court only and the building closes after the last court sitting.","2"
"2496","457","This is a hearing Court only and the building closes after the last court sitting.","2"
"2497","498","4.00 pm","4"
"2498","233","At close of business","4"
"2501","749","9.00 am","1"
"2502","749","(Monday to Friday) At close of business","2"
"2503","254","9.00am","1"
"2504","254","9.00 am to 11.00am . 12 noon to 12.30pm and 1.30pm to 4.00pm","3"
"2505","750","8.30 am","1"
"2506","750","5.00 pm","2"
"2507","750","8.00 am - 10.00 am","23"
"2509","750","9.00 am - 5.00 pm","28"
"2511","750","10.00 am","3"
"2512","750","2.00 pm","4"
"2513","751","9.30 am","1"
"2514","751","4.00 pm","2"
"2515","751","9.30 am","3"
"2516","751","4.00 pm","4"
"2517","752","The courthouse is only open whilst hearings are taking place.","1"
"2518","201","9.00 am","13"
"2519","201","5.00 pm","14"
"2521","735","8.30am","1"
"2522","135","9.00am","1"
"2528","728","4.15 pm (3.45 pm on Friday)","14"
"2529","706","10.00am","3"
"2530","706","4.30pm","4"
"2531","111","9am to 5pm","13"
"2532","572","9.00 am","1"
"2533","572","5.00 pm","2"
"2536","455","9.00 am to 5.00 pm","13"
"2537","727","9.00 am","1"
"2538","727","5.00 pm","2"
"2541","73","9.00 am","13"
"2542","73","5.00 pm","14"
"2543","386","9.00 am","13"
"2544","386","5.00 pm","14"
"2547","383","9.00 am","13"
"2548","383","5.00 pm","14"
"2549","74","9.00 am","13"
"2550","74","5.00 pm","14"
"2558","14","9.00 am","13"
"2559","14","5.00 pm","14"
"2560","19","9.00 am","13"
"2561","19","5.00 pm","14"
"2562","613","8.30 am","13"
"2563","613","5.00 pm","14"
"2564","659","8.30 am","13"
"2565","659","5.00 pm","14"
"2566","755","9.00 am","1"
"2567","755","4.30 pm (except every 2nd Friday each month at 1.00 pm)","2"
"2568","755","9.30 am","3"
"2569","755","Mon to Thurs 4.00 pm Friday 3.00 pm (except every 2nd Friday each month 12.30 pm)","4"
"2571","756","When Court proceedings complete for the day","2"
"2572","48","4.00pm","2"
"2573","48","9.15 am","3"
"2574","48","4.00 pm","4"
"2575","385","9.00am - 5.00 pm","13"
"2577","727","9.00 am - 5.00 pm","13"
"2586","546","9.15 am","3"
"2587","546","4.30 pm (4.00 pm on Friday)","4"
"2595","599","4.00pm - Friday","2"
"2598","572","9.00 am","13"
"2599","572","5.00 pm","14"
"2600","759","9:00 am","1"
"2601","759","5:00 pm","2"
"2604","759","08.00 am","5"
"2605","759","10.00 am","6"
"2612","705","9.30 am","1"
"2613","705","4.30 pm","2"
"2614","705","10.00 am","3"
"2615","705","4.30 pm","4"
"2616","281","9.00 am","1"
"2617","281","4.30 pm","2"
"2618","281","9.15 - 11.30am","3"
"2620","286","9.15 am","1"
"2621","286","4.00 pm","2"
"2622","1429","9.00 am","1"
"2623","1429","5.00 pm","2"
"2626","1429","8.30 am","5"
"2627","1429","10.30 am","6"
"2628","1429","9.00 am - 5.00 pm","13"
"2629","66","10.00am","3"
"2630","66","4.00pm","4"
"2631","760","8.30 am","1"
"2632","760","End of business","2"
"2635","1430","9.00 am","1"
"2636","1430","5.00 pm","2"
"2637","1430","10.00 am","3"
"2639","568","9.00 am","13"
"2640","568","5.00 pm","14"
"2641","21","9.00am","13"
"2642","21","5.00pm","14"
"2647","567","9.00 am","13"
"2648","567","5.00 pm","14"
"2651","256","9.00 am","13"
"2652","256","5.00 pm","14"
"2653","258","9.00 am","13"
"2654","258","5.00 pm","14"
"2655","498","9.00 am","13"
"2656","498","5.00 pm","14"
"2657","500","9.00 am","13"
"2658","500","5.00 pm","14"
"2660","248","10.00am - 4.00pm.","24"
"2661","248","8.30am for Magistrates' Court enquiries.","21"
"2666","638","9.00 am","1"
"2667","638","4.00 pm","2"
"2670","638","9.00 am","13"
"2671","1431","9.00 am","1"
"2672","1431","5.00 pm (4.30pm on Friday)","2"
"2675","1433","9.00 am","25"
"2676","1433","5.00 pm","26"
"2677","189","Open for court hearings only.","1"
"2679","7","Times may vary. The court closes at the end of the day's court business","2"
"2680","551","9.00 am","3"
"2681","705","9.00 am to 5.00 pm","13"
"2682","1434","9.00 am to 5.00 pm","13"
"2685","44","9.15 am","3"
"2686","44","4.30 pm","4"
"2687","434","9.45 am","3"
"2688","434","4.00pm","4"
"2689","647","9.00 am to 5.00 pm","13"
"2690","676","8.30 am","1"
"2691","676","5.00 pm","2"
"2692","676","9.00 am","3"
"2693","676","5.00 pm","4"
"2696","697","9.00 am - 5.00 pm","13"
"2699","623","9.00 am","1"
"2700","623","4.30 pm","2"
"2701","623","9.00 am - 11.30 am","3"
"2710","748","8.30 am","1"
"2711","748","5.00 pm","2"
"2718","411","9.30 am","1"
"2719","411","4.30 pm (4.00 pm on Friday)","2"
"2720","411","(Mon-Wed, closed Thurs-Fri)","3"
"2721","411","(Mon-Wed, closed Thurs-Fri)","4"
"2724","431","Currently closed","1"
"2725","413","9.00 am","13"
"2726","413","5.00 pm","14"
"2729","30","9.00 am to 5.00 pm","13"
"2730","81","9.00 am to 5.00 pm","13"
"2731","88","9.00 am to 5.00 pm","13"
"2732","186","9.00 am to 5.00 pm","13"
"2736","329","9.00 am to 5.00 pm","13"
"2737","334","9.00 am to 5.00 pm","13"
"2738","506","9.00 am to 5.00 pm","13"
"2739","622","9.00 am to 5.00 pm","13"
"2740","661","9.00 am to 5.00 pm","13"
"2741","675","9.00 am to 5.00 pm","13"
"2743","96","9.00 am to 5.00 pm","13"
"2744","129","9.00 am to 5.00 pm","13"
"2745","192","9.00 am to 5.00 pm","13"
"2746","219","9.00 am to 5.00 pm","13"
"2747","274","9.00 am to 5.00 pm","13"
"2749","296","9.00 am to 5.00 pm","13"
"2750","349","8.30 am to 4.30 pm","13"
"2751","380","9.00 am to 5.00 pm","13"
"2752","395","9.00 am to 5.00 pm","13"
"2753","606","9.00 am to 5.00 pm","13"
"2754","619","9.00 am to 5.00 pm","13"
"2755","25","9.00 am to 5.00 pm","13"
"2756","39","9.00 am to 5.00 pm","13"
"2757","1431","9.00 am to 5.00 pm","13"
"2758","113","9.00 am to 5.00 pm","13"
"2759","125","9.00 am to 5.00 pm","13"
"2760","748","9.00 am to 5.00 pm","13"
"2761","172","9.00am to 5.00 pm","13"
"2763","285","9.00 am to 5.00 pm","13"
"2764","285","9.00 am to 5.00 pm","13"
"2766","287","9.00 am to 5.00 pm","13"
"2767","310","9.00 am to 5.00 pm","13"
"2768","324","9.00 am to 5.00 pm","13"
"2769","374","9.00 am to 5.00 pm","13"
"2771","408","9.00 am to 5.00 pm","13"
"2773","445","9.00 am to 5.00 pm","13"
"2774","460","9.00 am to 5.00 pm","13"
"2775","468","9.00 am to 5.00 pm","13"
"2776","492","9.00 am to 5.00 pm","13"
"2777","538","9.00 am to 5.00 pm","13"
"2778","552","9.00 am to 5.00 pm","13"
"2779","559","9.00 am to 5.00 pm","13"
"2781","282","9.00 am to 5.00 pm","13"
"2787","75","9.00 am to 5.00 pm","13"
"2789","160","9.00 am to 5.00 pm","13"
"2791","452","9.00 am to 5.00 pm","13"
"2793","212","9.00 am to 5.00 pm","13"
"2794","629","9.00 am to 5.00 pm","13"
"2796","67","9.00 am to 5.00 pm","13"
"2800","276","9.00 am to 5.00 pm","13"
"2802","643","(Mon-Thurs, closed Friday)","3"
"2803","643","(Mon-Thurs, closed Friday)","4"
"2805","644","10.00 am","3"
"2806","644","4.00 pm","4"
"2808","32","9.00 am to 5.00 pm","13"
"2809","507","9.00 am to 5.00 pm","13"
"2810","206","9.00 am to 5.00 pm","13"
"2815","340","9.30 am - ushers reception - until end of court sitting day.","3"
"2816","1439","8.30am","1"
"2817","1439","4.00pm","2"
"2820","1440","9.30 am","1"
"2821","1440","4.00 pm","2"
"2822","1440","9.30 am","3"
"2823","1440","4.00 pm","4"
"2826","551","5.00 pm","4"
"2827","1441","8.30 am","1"
"2828","1441","5.00 pm","2"
"2829","1444","10.00","21"
"2830","1444","16.00 (15.30 on Friday)","22"
"2835","91","Doors open at 9 am and close 10 minutes after the final hearing of the day","17"
"2837","91","9.00 am to 10 am Monday to Friday","5"
"2838","91","9.00 am to 4.00 pm Monday to Friday","19"
"2839","112","9.00 am to 5.00 pm","13"
"2840","383","9.00am","3"
"2841","383","5.00 pm","4"
"2842","456","9.00 am to 5.00 pm","13"
"2844","1445","8.00 am","1"
"2845","1445","6.00 pm","2"
"2846","519","10.00 am","36"
"2847","519","2.00 pm","37"
"2848","105","9.00 am","3"
"2849","105","4.00 pm","4"
"2850","1446","9.15 am (Mon-Thurs) 9.00 am (Fri)","1"
"2851","1446","at close of business","2"
"2854","478","8.00 am","5"
"2855","478","10.00 am","6"
"2856","478","9.00 am to 5.00 pm","13"
"2857","43","8.30 am to 5.00 pm","13"
"2860","341","9.00 am","5"
"2861","341","9.00 am - 5.00 pm","13"
"2862","1447","9.30 am","1"
"2863","1447","4.00 pm","2"
"2864","1447","9.30 am","3"
"2865","1447","4.00 pm","4"
"2866","1448","9.00 am","21"
"2867","1448","4.00 pm","22"
"2868","1443","9.00 am to 5.00 pm","13"
"2869","686","4.30 pm (4.00 pm on Friday)","2"
"2882","591","7.30am - 9.30am","5"
"2883","289","(Application counter) 9:00am to 10:00am","3"
"2884","1455","9.30 am","1"
"2885","1455","4.00 pm","2"
"2886","650","9.00 am","13"
"2887","50","9.00am to 4.00pm","3"
"2888","50","1.00pm to 2.00pm","4"
"2889","1457","9.00 am","1"
"2891","1457","5.00 pm (4:30 pm Friday)","2"
"2893","1458","9.00am","1"
"2894","1458","4.30pm (1.00pm Saturdays)","2"
"2898","745","10.00 am","3"
"2899","745","4.30 pm","4"
"2900","698","10.00 am","3"
"2901","698","4.30 pm","4"
"2904","127","9.00 am to 5.00 pm","13"
"2905","749","9.00am  to 5.00pm (4.30pm Friday) - Magistrates' Court","13"
"2906","469","9.00 am to 5.00pm","13"
"2907","1430","4.00 pm","4"
"2908","627","8.45 am","1"
"2909","627","At end of afternoon session","2"
"2910","1459","8.30am -17.00pm","13"
"2911","135","8:30am","5"
"2912","135","5:00 pm","2"
"2914","135","10:30 am","6"
"2915","135","9:00 am - 5:00 pm","13"
"2916","1460","9.00 am","1"
"2917","1460","At close of business","2"
"2918","1461","9.00 am","1"
"2919","1461","At close of business","2"
"2920","1462","8.00 am (Mon to Fri)","1"
"2921","1462","5.00 pm (Mon to Fri)","2"
"2922","756","Open for Courts hearing only","1"
"2925","1449","9:00am","21"
"2926","1449","4:00pm","22"
"2931","288","9.30 am","1"
"2932","562","8.30am","5"
"2933","562","10.30am","6"
"2934","1465","8.30am - 17.00pm","13"
"2935","87","1.00 pm - 2.30 pm","3"
"2936","217","Mon, Wed and Fri - 13.30 -14.30. Tues, Thurs - 13.30 - 14.30","3"
"2937","281","13.30 - 14-30 pm","3"
"2938","623","1.00 pm - 2.30 pm","3"
"2939","231","1.30 pm - 2.30 pm","3"
"2943","1432","4.00pm","16"
"2944","1432","10.00am","15"
"2945","1432","4.00pm","20"
"2946","1432","10.00am","19"
"2950","423","10.00am- 2.00pm","24"
"2952","300","10.00 am","3"
"2953","300","2.00 pm","4"
"2954","190","2.00 pm","4"
"2955","190","10.00 am","3"
"2956","394","2.00 pm","4"
"2957","394","10.00 am","3"
"2958","88","10.00am","3"
"2959","88","2.00pm","4"
"2960","261","10.00 am","3"
"2961","261","2.00 pm","4"
"2962","198","10.00am - 2.00pm","24"
"2963","686","10.00am - 2.00pm","24"
"2966","733","10.00am - 2.00pm","24"
"2967","538","9.00 am - 10am","38"
"2968","1439","9.00am - 5.00pm","13"
"2970","733","9.00 am","1"
"2971","733","5.00 pm","2"
"2972","703","10.00am","3"
"2973","703","4.30pm","4"
"2974","287","Please see further information","4"
"2975","287","Please see further information","3"
"2976","638","5pm (Mon-Thurs) 4.30pm Friday","14"
"2977","1439","9.30am - 2.00pm","3"
"2978","30","10.00am","3"
"2979","30","2.00pm","4"
"2980","1467","9.00am","1"
"2981","1467","5.00pm","2"
"2982","500","10.00 am","3"
"2983","500","2.00 pm","4"
"2984","520","2.00 pm","4"
"2985","520","10.00 am","3"
"2987","715","9.00am - 5.00pm","13"
"2988","754","9.00am - 5.00pm","13"
"2989","714","9.00am - 5.00pm","13"
"2990","1468","9.00am","1"
"2991","1468","4.30pm","2"
"2992","1468","9.00am to 5.00pm","13"
"2993","9","10.00am","3"
"2994","9","2.00pm","4"
"2995","335","10.00 am","3"
"2996","335","2.00pm","4"
"2997","1468","9.00am to 10.00am","5"
"2998","1468","10.00am","32"
"2999","1468","2.00pm","33"
"3000","1469","9.00am to 5.00pm","27"
"3001","1470","9.00am","1"
"3002","1470","4.30pm","2"
"3003","709","10.00am","3"
"3004","709","4.30pm","4"
"3005","695","10.00am","3"
"3006","695","4.30pm","4"
"3008","631","10:00am to 2:00pm - Monday to Friday","3"
"3009","36","10.00am","3"
"3010","36","2.00pm","4"
"3011","53","8.00am","5"
"3012","53","10.00am","6"
"3013","65","9.00am","1"
"3014","65","4.00pm","2"
"3015","1471","9.00am","1"
"3016","1471","5.00pm","2"
"3017","1471","9.00am to 5.00pm","13"
"3018","336","8.30am","1"
"3019","336","5.00pm","2"
"3020","183","10.00am","3"
"3021","183","2.00 pm","4"
"3022","359","4.00 pm","2"
"3023","572","9.00 am (magistrates' court)","3"
"3024","572","4.00pm (magistrates' court)","4"
"3025","753","9.30 am","1"
"3026","753","4.00 pm","2"
