"1","0","The Court House","Cwmbach Road",,,"CF44 0JE","DX 99582  Merthyr Tydfil 2","2",NULL,"51.714098","-3.439115"
"2","0","The Court House","Cwmbach Road",,,"CF44 0NW",,"2",NULL,"51.714098","-3.439115"
"3","0","Tudor Street",,,,"NP7 5DL","DX 43665 Cwmbran","3",NULL,"51.821759","-3.023196"
"4","0","Spring Bank","Abertillery",,,"NP13 1PB",,"387",NULL,"51.73534","-3.139744"
"5","0","Edleston House","Queens Road",,,"SY23 2HP","DX 99560 Aberystwyth 2","5",NULL,"52.418136","-4.082821"
"6","0","Office: Bradshawgate House","1 Oak Street",NULL,NULL,"BB5 1EQ","DX 702645 Accrington 2","6",NULL,"53.751466","-2.361725"
"7","0","The Law Courts","Manchester Road",,,"BB5 2BH",,"6",NULL,"53.749127","-2.359324"
"9","0","Office: 78-82 Victoria Road",NULL,NULL,NULL,"GU11 1SS","DX 98530 Aldershot 2","7",NULL,"51.248365","-0.75955"
"10","0","The Court House","Civic Centre",NULL,NULL,"GU11 1NY","DX 145110 Aldershot 4","7",NULL,"51.250614","-0.768989"
"12","0","The Court House","Prudhoe Street",,,"NE66 1UJ",,"9",NULL,"55.410408","-1.704343"
"13","0","The Court House","25 Normandy Street",NULL,NULL,"GU34 1DQ","DX 145110 Aldershot 4","383",NULL,"51.151296","-0.971389"
"14","0","Trafford Courthouse","Ashton Lane",NULL,NULL,"M33 7WX","DX 708292 Sale 6","285",NULL,"53.42631","-2.325277"
"15","0","King George V Road",NULL,NULL,NULL,"HP6 5AJ",NULL,"10",NULL,"51.674723","-0.602837"
"16","0","The Court House","West Street",,,"SP10 1QP","DX 145110 Aldershot 4","11",NULL,"51.2088","-1.48029"
"17","0","Ground Floor","The Court House","Tufton Street",NULL,"TN23 1QQ","DX 98060 Ashford (Kent) 3","13",NULL,"51.147817","0.872458"
"18","0","The Courthouse","Tufton Street",NULL,NULL,"TN23 1QS",NULL,"13",NULL,"51.147817","0.872458"
"19","0","Henry Square",,,,"OL6 7TP","DX 702625 Ashton-under-Lyne 2","14",NULL,"53.485575","-2.102121"
"21","0","Walton Street",,,,"HP21 7QZ","DX 97820 Aylesbury 10","16",NULL,"51.813351","-0.809083"
"22","0","County Hall","Market Square",,,"HP20 1XD","DX 157430 Aylesbury 11","16",NULL,"51.815665","-0.812032"
"23","0","Walton Street",NULL,NULL,NULL,"HP21 7QZ","Central Buckinghamshire M DX 149920. Aylesbury 10","16",NULL,"51.81078","-0.808171"
"24","0","217 Balham High Road","Balham",NULL,NULL,"SW17 7BS","DX 58559 Clapham Junction","206",NULL,"51.43906","-0.155284"
"25","0","The Court House","Warwick Road",NULL,NULL,"OX16 2AW","DX 701967 Banbury 2","17",NULL,"52.06393","-1.340886"
"26","0","The Court House","Warwick Road",,,"OX16 2AW",,"17",NULL,"52.06393","-1.340886"
"28","0","The Criminal Justice Centre","Llanberis Road",,,"LL55 2DF","DX 744381 Caernarfon 6","65",NULL,"53.140423","-4.265007"
"29","0","The Court House","East Street",,,"IG11 8EW","DX 156842 Ilford 9","19",NULL,"51.53702","0.078856"
"30","0","St Marys Court","Regents Park Road","Finchley Central",,"N3 1BQ","DX 122570 Finchley (Church End)","206",NULL,"51.600436","-0.195608"
"31","0","The Court House","High Street",NULL,NULL,"EN5 5UE","DX 8626 Barnet","20",NULL,"51.651028","-0.196852"
"32","0","The Court House","Westgate",,,"S70 2DW","DX 702080 Barnsley 3","21",NULL,"53.554638","-1.480587"
"33","0","The Court House","Westgate",,,"S70 2DW","DX 12279 Barnsley 1","21",NULL,"53.554034","-1.484098"
"34","0","8th Floor","The Law Courts","Civic Centre",,"EX31 1DX","DX 98560 Barnstaple 2","22",NULL,"51.081343","-4.065657"
"35","0","The Law Courts","Civic Centre",,,"EX31 1DX","DX 98560 Barnstaple 2","22",NULL,"51.081343","-4.065657"
"36","0","Barrow Law Courts

","Abbey Road",NULL,NULL,"LA14 5QX","DX 65210 Barrow in Furness 2","23",NULL,"54.116521","-3.227577"
"37","0","Abbey Road",NULL,NULL,NULL,"LA14 5QX","DX 63909 Barrow-in-Furness","23",NULL,"54.116521","-3.227577"
"38","0","Thompson Street",NULL,NULL,NULL,"CF63 4SX",NULL,"24",NULL,"51.404359","-3.269483"
"39","0","The Gore",NULL,NULL,NULL,"SS14 2BU","DX 97633 Basildon 5","25",NULL,"51.573831","0.456042"
"40","0","The Court House","Great Oaks",NULL,NULL,"SS14 1EH",NULL,"25",NULL,"51.571771","0.458225"
"41","0","3rd Floor Grosvenor House","Basing View",NULL,NULL,"RG21 4HG","DX 98570 Basingstoke 3","26",NULL,"51.267892","-1.077497"
"42","0","The Court House","London Road",,,"RG21 4AB","DX 145110 Aldershot 4","26",NULL,"51.263315","-1.083179"
"43","0","The Law Courts","North Parade Road",,,"BA1 5AF","DX 98580 Bath 2","27",NULL,"51.381089","-2.351895"
"44","0","North Parade Road",,,,"BA1 5AF","DX 98580 Bath 2","27",NULL,"51.381089","-2.351895"
"45","0","Shire Hall","3 St Paul's Square",,,"MK40 1SQ","DX 729420 Bedford 10","29",NULL,"52.135029","-0.467881"
"46","0","May House","29 Goldington Road",,,,,"206",NULL,,
"47","0","4 Belmarsh Road","Thamesmead",NULL,NULL,NULL,NULL,"206",NULL,"51.496","0.091769"
"48","0","40 Church Street",NULL,NULL,NULL,"TD15 1DX",NULL,"31",NULL,"55.769862","-2.001887"
"49","0","The Court House","Champney Road",NULL,NULL,"HU17 9EJ",NULL,"32",NULL,"53.840522","-0.42867"
"50","0","Norwich Place",,,,"DA6 7ND","DX 156800  Bromley","33",NULL,"51.455164","0.148387"
"51","0","Waverley House","Queens Avenue",NULL,NULL,"OX26 2NZ",NULL,"34",NULL,"51.899192","-1.157804"
"52","0","The Court House","Bradford Road",,,"BD16 1YA","743840 Bingley 5","35",NULL,"53.846246","-1.83534"
"53","0","76 Hamilton Street",NULL,NULL,NULL,"CH41 5EN","DX 725000 Birkenhead 10","36",NULL,"53.391377","-3.016623"
"54","0","Priory Courts","33 Bull Street",NULL,NULL,"B4 6DS","DX 701987 Birmingham 7","37",NULL,"52.482416","-1.89566"
"55","0","Priory Courts","33 Bull Street",NULL,NULL,"B4 6DS","DX 701987 Birmingham 7","37",NULL,"52.482416","-1.89566"
"56","0","Queen Elizabeth II Law Courts","1 Newton Street",,,"B4 7NA","DX 702033 Birmingham 8","37",NULL,"52.482895","-1.892644"
"57","0","The Priory Courts","33 Bull Street",NULL,NULL,"B4 6DU","DX 701990 Birmingham 7","37",NULL,"52.482416","-1.89566"
"58","0","Victoria Law Courts","Corporation Street",NULL,NULL,"B4 6QA","DX 715205 Birmingham 39","37",NULL,"52.483736","-1.894052"
"59","0","Steelhouse Lane",NULL,NULL,NULL,"B4 6BJ",NULL,"37",NULL,"52.48335","-1.894965"
"60","0","Woodhouse Close",NULL,NULL,NULL,"DL14 6LD","DX 65100 Bishop Auckland 2","38",NULL,"54.648874","-1.681717"
"62","0","64 Victoria Street",NULL,NULL,NULL,"BB1 6DJ","DX 702650 Blackburn 4","39",NULL,"53.749899","-2.482482"
"63","0","The Court House","Northgate",,,"BB2 1AA","DX 742020 Blackburn 10","39",NULL,"53.749174","-2.486098"
"64","0","1-15 Pocock Street",NULL,NULL,NULL,"SE1 0BJ","DX 400800 Lambeth 3","206",NULL,"51.502038","-0.102542"
"65","0","The Law Courts","Chapel Street",NULL,NULL,"FY1 5RJ","DX 724900 Blackpool 10","40",NULL,"53.811806","-3.053837"
"66","0","Civic Centre","Chapel Street",,,"FY1 5DQ",,"40",NULL,"53.811485","-3.054028"
"67","0","8 Hall Street",,,,"NP12 1NY","DX 99470 Blackwood 2","41",NULL,"51.666327","-3.192794"
"70","0","The Law Courts","Launceston Road",,,"PL31 2AL","DX 136846 Bodmin 2","43",NULL,"50.469293","-4.707295"
"71","0","Launceston Road",,,,"PL31 2AL",,"43",NULL,"50.469293","-4.707295"
"72","0","Launceston Road",,,,"PL31 2AL","DX 136847 Bodmin 2","43",NULL,"50.469293","-4.707295"
"73","0","The Law Courts","Blackhorse Street",NULL,NULL,"BL1 1SU","DX 702610 Bolton 3","44",NULL,"53.578203","-2.433689"
"74","0","The Courts","Le Mans Crescent",,,"BL1 1UA","DX 745180 Bolton 22","44",NULL,"53.578409","-2.431844"
"75","0","Boston Court House","55 Norfolk Street
",NULL,NULL,"PE21 6PE","DX 701922 Boston 2","46",NULL,"52.983059","-0.024983"
"76","0","Boston Court House","55 Norfolk Street",,,"PE21 6PE",,"46",NULL,"52.983059","-0.024983"
"77","0","Town Hall","North Street",NULL,NULL,"PE10 9AE",NULL,"47",NULL,"52.769065","-0.377517"
"78","0","Courts of Justice","Deansleigh Road",,,"BH7 7DS","DX 98420 Bournemouth 4","48",NULL,"50.747952","-1.816266"
"79","0","Courts of Justice","Deansleigh Road",,,"BH7 7DS","DX 98420 Bournemouth 4","48",NULL,"50.747952","-1.816266"
"80","0","The Law Courts","Stafford Road",,,"BH1 1LA","DX 157500 Bournemouth 24","48",NULL,"50.72292","-1.868359"
"81","0","96 Romford Road",NULL,NULL,NULL,"E15 4EG","DX 97490 Stratford (London) 2","206",NULL,"51.542918","0.010853"
"83","0","Court House","Town Square",NULL,NULL,"RG12 1AE",NULL,"49",NULL,"51.417008","-0.748117"
"84","0","Bradford Law Courts","Exchange Square","Drake Street",NULL,"BD1 1JA","DX 702083 Bradford 2","50",NULL,"53.792744","-1.748872"
"85","0","The Tyrls",,,,"BD1 1JL",,"50",NULL,"53.791942","-1.754379"
"86","0","Brecon Law Courts","Cambrian Way",NULL,NULL,"LD3 7HR","DX 124340 Brecon 2","51",NULL,"51.944815","-3.381993"
"87","0","448 High Road",NULL,NULL,NULL,"NW10 2DZ","DX 110850 Willesden 2","206",NULL,"51.549484","-0.247702"
"88","0","Alexandra Road","High Street",NULL,NULL,"TW8 0JJ","DX 97840 Brentford 2","52",NULL,"51.484286","-0.304357"
"89","0","Market Place",,,,"TW8 8EN",,"52",NULL,"51.483392","-0.309085"
"91","0","The Law Courts","Sunnyside",NULL,NULL,"CF31 4AJ","DX 99750 Bridgend 2","53",NULL,"51.504255","-3.582717"
"92","0","The Court House","Northgate",NULL,NULL,"TA6 3YL",NULL,"54",NULL,"51.130281","-3.005349"
"94","0","The Court House","Quay Road",,,"YO16 4EJ",,"55",NULL,"54.085103","-0.200095"
"95","0","The Court House","Mountfield",NULL,NULL,"DT6 3JP",NULL,"56",NULL,"50.735008","-2.756953"
"96","0","William Street",NULL,NULL,NULL,"BN2 0RF","DX 98070 Brighton 3","57",NULL,"50.823016","-0.135229"
"98","0","William Street",,,,"BN2 0RF","DX 98073 Brighton 3","57",NULL,"50.823235","-0.134297"
"99","0","The Law Courts","Edward Street",,,"BN2 0LG",,"57",NULL,"50.823235","-0.134297"
"101","0","The Law Courts","Small Street",NULL,NULL,"BS1 1DA","DX 78128 Bristol","58",NULL,"51.454723","-2.594469"
"103","0","Marlborough Street",,,,"BS1 3NU","DX 78126 Bristol","58","BS1 2PZ","51.459449","-2.594257"
"104","0","Court House","College Road",NULL,NULL,"BR1 3PX","DX 98080 Bromley 2","59",NULL,"51.408801","0.013418"
"105","0","The Court House","London Road",,,"BR1 1RA","DX 156800 Bromley","59",NULL,"51.407627","0.01108"
"106","0",NULL,NULL,NULL,NULL,NULL,NULL,"274",NULL,,
"107","0","The Law Courts","Hammerton Street",NULL,NULL,"BB11 1XD","DX 724940 Burnley 4","60",NULL,"53.787727","-2.247153"
"108","0","The Court House","Parker Lane",,,"BB11 2BS","DX 741470 Burnley 7","60",NULL,"53.787072","-2.242126"
"109","0","165 Station Street",NULL,NULL,NULL,"DE14 1BP","DX 702044 Burton-upon-Trent 3","61",NULL,"52.804205","-1.633647"
"110","0","The Court House","Horninglow Street",,,,,"61",NULL,"52.807726","-1.630949"
"111","0","Tenters Street",NULL,NULL,NULL,"BL9 0HX","DX 702615 Bury 2","62",NULL,"53.593035","-2.305435"
"112","0","The Courthouse","Tenters Street",NULL,NULL,"BL9 0HX","DX 702615 Bury 2","62",NULL,"53.593035","-2.305435"
"113","0","Triton House","Entrance B","St Andrews Street (N)",NULL,"IP33 1TR","DX 97640 Bury St Edmunds 3","63",NULL,"52.248581","0.711009"
"114","0","Shire Hall",NULL,NULL,NULL,"IP33 1HF",NULL,"63",NULL,"52.242503","0.719559"
"115","0","Shire Hall","Honey Hill
",NULL,NULL,"IP33 1HF","DX 741460 Bury St. Edmunds 7","63",NULL,"52.242503","0.719559"
"116","0","Peak Buidlings","Terrace Road",,,"SK17 6DY",,"64",NULL,"53.256778","-1.913086"
"117","0","Peak Buildings","Terrace Road",,,"SK17 6DY","DX 701980 Buxton 2","64",NULL,"53.256792","-1.913081"
"118","0","Llanberis Road",,,,"LL55 2DF","DX 702483 Caernarfon 2","65",NULL,"53.140688","-4.264500"
"119","0","Caernarfon Criminal Justice Centre","Llanberis Road",,,"LL55 2DF","DX 744382 Caernarfon 6","65",NULL,"53.140423","-4.265007"
"120","0","Caernarfon Criminal Justice Centre","Llanberis Road",,,"LL55 2DF","DX 744382 Caernarfon 6","65",NULL,"53.140423","-4.265007"
"121","0","The Court House","Mountain Road",,,"CF83 1HG",,"66","CF83 2XA","51.569308","-3.217578"
"123","0","15 D'Eynsford Road","Camberwell Green",,,"SE5 7UP","DX 157730 Camberwell Green 3","206",NULL,"51.475964","-0.091345"
"124","0","The Bassett Centre","Bassett Road",NULL,NULL,"TR14 8SL",NULL,"68","TR14 8SL","50.210932","-5.300786"
"125","0","197 East Road",,,,"CB1 1BA","DX 97650 Cambridge 3","69","CB1 1BT","52.203690","0.132308"
"126","0","The Court House","83 East Road",NULL,NULL,"CB1 1BT","DX 97365 Cambridge 2","69",NULL,"52.2069","0.136798"
"127","0","12 St Andrews Street",,,,"CB2 3AX","DX 742250 Peterborough 23","69",NULL,"52.204052","0.122746"
"128","0","The Court House","Wolverhampton Road",,,"WS11 1AT",,"70",NULL,"52.684535","-2.036548"
"129","0","Canterbury Combined Court","The Law Courts","Chaucer Road",NULL,"CT1 1ZA","DX 99710 Canterbury 3","71",NULL,"51.281978","1.09495"
"130","0","Broad Street",NULL,NULL,NULL,"CT1 2UE",NULL,"71",NULL,"51.278703","1.085766"
"131","0","2 Park Street",NULL,NULL,NULL,"CF10 1ET","DX 99500 Cardiff 6","72",NULL,"51.478696","-3.180033"
"132","0","The Law Courts","Cathays Park",NULL,NULL,"CF10 3PG","DX 99450 Cardiff 5","72",NULL,"51.484556","-3.180256"
"133","0","Fitzalan Place",NULL,NULL,NULL,"CF24 0RZ",NULL,"72",NULL,"51.482114","-3.166483"
"134","0","Cardiff Probate Registry of Wales","3rd Floor","Cardiff Magistrates Court","Fitzalan Place","CF24 0RZ","DX 743940 Cardiff 38","72",NULL,"51.482114","-3.166483"
"135","0","Courts of Justice","Earl Street",NULL,NULL,"CA1 1DJ","DX 65331 Carlisle 2","73",NULL,"54.893559","-2.931248"
"136","0","The Court House","Rickergate",NULL,NULL,"CA3 8QH","DX 63018 Carlisle","73",NULL,"54.897516","-2.935533"
"137","0","Courts of Justice","Earl Street",NULL,NULL,"CA1 1DJ","DX 63034 Carlisle","73",NULL,"54.893559","-2.931248"
"138","0","The Guildhall","Guildhall Square",,,"SA31 1PR","DX 99570 Carmarthen 2","74",NULL,"51.856169","-4.307628"
"139","0","The Guildhall","Guildhall Square",NULL,NULL,"SA31 1PR",NULL,"74","SA31 1PR","51.856169","-4.307628"
"140","0","14 King Street",NULL,NULL,NULL,"SA31 1BL","DX 51420 Carmarthen","74",NULL,"51.857059","-4.304406"
"141","0","P.O. Box 31093",NULL,NULL,NULL,"SW1P 3WT","DX: 120554 Victoria 6","206",NULL,"51.497475","-0.128016"
"142","0","Walton Street",NULL,NULL,NULL,"HP21 7QZ",NULL,"16",NULL,"51.81078","-0.808171"
"143","0","Old Bailey",NULL,NULL,NULL,"EC4M 7EH","DX 46700 Old Bailey","206",NULL,"51.515491","-0.101998"
"144","0","P.O. Box 87",NULL,NULL,NULL,"DL7 8GF","DX 69143 Northallerton","244",NULL,"54.33392","-1.440446"
"145","0","13-14 Park Crescent",,,,"W1B 1HT","DX 97325 Regents Park 2","206","W1B 1HT","51.522831","-0.145399"
"148","0","The Court House","The Brook",NULL,NULL,"ME4 4JZ",NULL,"76",NULL,"51.384229","0.526879"
"150","0","P.O. Box 9","New Street",NULL,NULL,"CM1 1EL","DX 97375 Chelmsford 3","77",NULL,"51.735908","0.473720"
"151","0","Shire Hall","Tindal Square",NULL,NULL,"CM1 1RA",NULL,"77",NULL,"51.734791","0.472713"
"152","0","1st Floor","Cheltenham Magistrates Court","St Georges Road","Cheltenham","GL50 3PF",,"136",NULL,"51.899099","-2.083433"
"153","0","Cheltenham Courthouse","St Georges Road",NULL,NULL,"GL50 3PF","DX 98665 Gloucester 5","78",NULL,"51.899099","-2.083433"
"155","0","King Arthur Court",NULL,NULL,NULL,"EN8 8LD",NULL,"80",NULL,"51.699964","-0.032683"
"156","0","Trident House","Little St John Street",NULL,NULL,"CH1 1SN","DX 702460 Chester 4","81",NULL,"53.188593","-2.887016"
"157","0","The Castle",,,,"CH1 2AN","DX 702527 Chester 5","81",NULL,"53.186004","-2.891826"
"159","0","Grosvenor Street",,,,"CH1 2XA",,"81",NULL,"53.187637","-2.893506"
"160","0","St Mary's Gate",,,,"S41 7TD","DX 703160 Chesterfield 3","82",NULL,"53.23642","-1.423736"
"161","0","Magistrates' Court","Tapton Lane",NULL,NULL,"S41 7TW","DX 742041 Chesterfield 7","82",NULL,"53.23696","-1.423744"
"162","0","Newcastle Road",NULL,NULL,NULL,"DH3 3UA","DX 721663 Chester-le-Street 2","83",NULL,"54.861387","-1.573022"
"163","0","Southgate",NULL,NULL,NULL,"PO19 1SX","DX 97460 Chichester 2","84",NULL,"50.832554","-0.779876"
"164","0","6 Market Avenue",,,,"PO19 1YE",,"84",NULL,"50.833251","-0.779517"
"165","0","North West Wiltshire Magistrates' Court","The Courthouse","Pewsham Way",NULL,"SN15 3BF","DX 774850 Chippenham 5","85",NULL,"51.452616","-2.111183"
"166","0","59 St Thomas's Road",NULL,NULL,NULL,"PR7 1JE","DX 702655 Chorley 3","86",NULL,"53.65356","-2.63714"
"167","0","The Court House","St Thomas's Square",,,"PR7 1RZ","DX 707530 Chorley 5","86",NULL,"53.65356","-2.63714"
"168","0","Cirencester Courthouse","The Forum",NULL,NULL,"GL7 2PL","DX 98665 Gloucester 5","87",NULL,"51.7166","-1.966"
"169","0","1 Queen Victoria Street",,,,"EC4N 4XY","DX 120551 Victoria 6","206",NULL,"51.512987","-0.090097"
"170","0","The Gee Street Courthouse","29-41 Gee Street",,,"EC1V 3RE","DX 121000 Shoreditch 2","206",NULL,"51.524605","-0.097799"
"171","0","The Courthouse","Vaughan Street",NULL,NULL,"LE67 3DP",NULL,"88",NULL,"52.721341","-1.373974"
"172","0","Falkland House","25 Southway",NULL,NULL,"CO3 3EG","DX 97670 Colchester 3","89",NULL,"51.887269","0.893982"
"173","0","Town Hall Square","High Street",NULL,NULL,"CO1 1FP",NULL,"89",NULL,"51.889794","0.898824"
"174","0","Coleford Courthouse","Gloucester Road",NULL,NULL,"GL16 8BQ","DX 98665 Gloucester 5","90",NULL,"51.792954","-2.616785"
"175","0","Victoria Road",NULL,NULL,NULL,"DH8 5AU","DX 65106 Consett 2","92",NULL,"54.853252","-1.833047"
"176","0","Ashdale Road",NULL,NULL,NULL,"DH8 6LY",NULL,"92",NULL,"54.857561","-1.830288"
"177","0","Court hearings:","Conwy Road",,,"LL30 1GA",,"203",NULL,"53.320208","-3.823277"
"178","0","The Court House","Elizabeth Street",NULL,NULL,"NN17 1SQ","DX 151720 Northampton 27","93",NULL,"52.4878","-0.697968"
"180","0","140 Much Park Street",NULL,NULL,NULL,"CV1 2SN","DX 701580 Coventry 5","94",NULL,"52.405584","-1.50644"
"181","0","Little Park Street",NULL,NULL,NULL,"CV1 2SQ","DX 701583 Coventry 5","94",NULL,"52.405831","-1.507628"
"182","0","The Court House","County Buildings","Woodfield Road",,"RH10 8BF","DX 135596 Haywards Heath 6","95",NULL,"51.117512"," -0.182138"
"183","0","The Law Courts","Civic Centre",NULL,NULL,"CW1 2DP","DX 702504 Crewe 2","96",NULL,"53.097665","-2.438725"
"185","0","The Courthouse","Holt Road",NULL,NULL,"NR27 9EB",NULL,"97",NULL,"52.929363","1.292521"
"186","0","The Law Courts","Altyre Road",NULL,NULL,"CR9 5AB","DX 97470 Croydon 6","98",NULL,"51.373338","-0.09215"
"187","0","Barclay Road",NULL,NULL,NULL,"CR9 3NG","DX 97474 Croydon 6","98",NULL,"51.372396","-0.093985"
"188","0","Court House","Exeter Hill",NULL,NULL,"EX15 1DJ",NULL,"99",NULL,"50.854439","-3.393365"
"189","0","Tudor Road",,,,"NP44 3YA",,"100",NULL,"51.651298","-3.021274"
"190","0","4 Coniscliffe Road",NULL,NULL,NULL,"DL3 7RL","DX 65109 Darlington 3","101",NULL,"54.523731","-1.558319"
"191","0","Parkgate",,,,"DL1 1ZD",,"101",NULL,"54.524220","-1.549507"
"192","0","Home Gardens",NULL,NULL,NULL,"DA1 1DX","DX 98090 Dartford 2","102",NULL,"51.445408","0.220245"
"193","0","Session House","Highfield Road",,,"DA1 2JW",,"102",NULL,"51.444585","0.211916"
"197","0","Grove Road",NULL,NULL,NULL,"LL16 3UU",,"104",NULL,"53.187083","-3.414581"
"198","0","Morledge",NULL,NULL,NULL,"DE1 2XE","DX 724060 Derby 21","105",NULL,"52.922451","-1.473009"
"199","0","The Court House","St Mary's Gate",NULL,NULL,"DE1 3JR","DX 707570 Derby 8","105",NULL,"52.92462","-1.479914"
"200","0","The Courthouse","Northgate Gardens","Off Northgate Street",,"SN10 1JN",NULL,"106",NULL,"51.354284","-1.999348"
"201","0","Fixed Penalty Office","P.O. Box 76",,,"PL1 2YN",,"261",NULL,"50.368861","-4.142048"
"202","0","County Court House","Eightlands Road",NULL,NULL,"WF13 2PE","DX 702086 Dewsbury 2","107",NULL,"53.692571","-1.633345"
"203","0","The Court House","Grove Street",NULL,NULL,"WF13 1JP",NULL,"107",NULL,"53.691441","-1.631356"
"204","0","The Court House","Mereland Road",NULL,NULL,"OX11 8BG",NULL,"108",NULL,"51.605526","-1.239374"
"205","0","Courtroom","County Hall",,,"LL40 1AU","DX 744382 Caernarfon 6","109",NULL,"52.743565","-3.885358"
"206","0","74 Waterdale",NULL,NULL,NULL,"DN1 3BT","DX 702089 Doncaster 4","110",NULL,"53.519041","-1.134041"
"207","0","College Road",NULL,NULL,NULL,"DN1 3HS","DX 703001 Doncaster 5","110",NULL,"53.519463","-1.130247"
"208","0","P.O. Box 49","The Law Courts","College Road",,"DN1 3HT","DX 742840 Doncaster 20","110",NULL,"53.519463","-1.130247"
"209","0","County Hall","Colliston Park",,,"DT1 1XJ",,"111",NULL,"50.716843","-2.4404556"
"210","0","London Road",NULL,NULL,NULL,"RH4 1SX","DX 149260 Dorking 4","112",NULL,"51.237153","-0.324976"
"211","0","Pencester Road",NULL,NULL,NULL,"CT16 1BS",NULL,"113",NULL,"51.127908","1.313675"
"212","0","7 Hagley Road",,,,"DY8 1QL","DX 701889 Stourbridge 2","317",NULL,"52.454044","-2.143235"
"213","0","Dudley Courthouse","The Inhedge",,,"DY1 1RY","DX 12769","114",NULL,"52.509731","-2.087874"
"214","0","Hallgarth Street",,,,"DH1 3RG","DX 65115 Durham 5","115",NULL,"54.772528","-1.570382"
"215","0","The Law Courts","Old Elvet",NULL,NULL,"DH1 3HW","DX 65112 Durham 4","115",NULL,"54.774092","-1.567894"
"216","0","Old Elvet",,,,"DH1 3HW",,"115",NULL,"54.773791","-1.565992"
"217","0","The Court House","Green Man Lane",,,"W13 0SD",,"116",NULL,"51.51141","-0.323338"
"218","0","Law Courts","Chalvey Park","Off Windsor Road",NULL,"SL1 2HJ","DX 98033 Slough 3","299",NULL,"51.507426","-0.598103"
"219","0","The Law Courts","Old Orchard Road",NULL,NULL,"BN21 4UN
","DX 98110 Eastbourne 2","117",NULL,"50.767547","0.277753"
"220","0","The Law Courts","Old Orchard Road",,,"BN21 4UN",,"117",NULL,"50.767547","0.277753"
"221","0","Court House","59 Fore Street",NULL,NULL,"N18 2TN","DX 136686 Edmonton 3","118",NULL,"51.610738","-0.06608"
"222","0","Sessions House","Lynn Road",NULL,NULL,"CB7 4EG",NULL,"120","CB6 1AA","52.400159","0.262521"
"223","0","The Court House","Lordship Lane",,,"N17 6RT","DX 153700 Highbury 4","336",NULL,"51.598172","-0.072952"
"224","0","The Court House",NULL,NULL,NULL,"CM16 4AP",NULL,"121",NULL,"51.700741","0.114081"
"225","0","Epsom Point","84-90, East Street",,,"KT17 1HF","DX 97850 Epsom 3","122",NULL,"51.336933","-0.259466"
"226","0","1st Floor","87 High Street",NULL,NULL,"WR11 4EE","DX 70910 Evesham 3","123",NULL,"52.095141","-1.947303"
"227","0","Southernhay Gardens",NULL,NULL,NULL,"EX1 1UH","DX 98440 Exeter 2","124",NULL,"50.72132","-3.525075"
"228","0","The Court House","Heavitree Road",NULL,NULL,"EX1 2LS",NULL,"124",NULL,"50.72413","-3.517147"
"229","0","1st Floor","Exeter Crown and County Courts","Southernhay Gardens",,"EX1 1UH","DX 98442 Exeter 2","124",NULL,"50.72132","-3.525075"
"230","0","The Court House","Trinity Street",,,"PO16 7SB","DX 98494 - Portsmouth 5","125",NULL,"50.853339","-1.183139"
"231","0","Hanworth Road",,,,"TW13 5AF",,"126",NULL,"51.447519","-0.40588"
"233","0","The Esplanade",,,,"FY7 6AT",,"129",NULL,"53.927938","-3.010597"
"234","0","Court House","Chapel Street",NULL,NULL,"CH6 5AY",NULL,"130",NULL,"53.247806","-3.136739"
"235","0","The Law Courts","Castle Hill Avenue",,,"CT20 2DH",,"131",NULL,,
"236","0","The Court House","Oakfield Road",NULL,NULL,"BA11 4JG",NULL,"132",NULL,"51.230544","-2.335426"
"237","0","Abbey Road",NULL,NULL,NULL,"LA14 5QX","DX 63909 Barrow-in-Furness","23",NULL,"54.116521","-3.227577"
"238","0","The Court House","Roseway",NULL,NULL,"DN21 2BB",NULL,"133",NULL,"53.401087","-0.775246"
"239","0","Gateshead Law Courts","Warwick Street",,,"NE8 1DT","DX 742120 Gateshead 6","134",NULL,"54.959027","-1.600238"
"240","0","Warwick Street",,,,"NE8 1DT","DX 742120 Gateshead 6","134",NULL,"54.959027","-1.600238"
"242","0","Kimbrose Way",NULL,NULL,NULL,"GL1 2DE","DX 98660 Gloucester 5","136",NULL,"51.863403","-2.249397"
"243","0","Gloucestershire Crown Courthouse","Longsmith Street",,,"GL1 2TS","DX 98665 Gloucester 5","136",NULL,"51.866453","-2.2486"
"244","0","Gloucester Courthouse","Barbican Way",NULL,NULL,"GL1 2JH","DX 98665 Gloucester 5","136",NULL,"51.865398","-2.250105"
"245","0","2nd Floor","Combined Court Building","Kimbrose Way",NULL,"GL1 2DG","DX 98663 Gloucester 5","136",NULL,"51.863403","-2.249397"
"246","0","The Court House","Estcourt Terrace",NULL,NULL,"DN14 5AE",NULL,"137",NULL,"53.7033","-0.871335"
"247","0","Grantham County Court","Harlaxton Road",,,"NG31 7SB","DX 711102 Grantham 4","138",NULL,"52.904059","-0.650168"
"248","0","Harlaxton Road",,,,"NG31 7SB","DX 711100 Grantham 4","138",NULL,"52.904059","-0.650168"
"249","0","Court House","26 King Street",NULL,NULL,"DA12 2DU","DX 98140 Gravesend 2","139",NULL,"51.442195","0.370081"
"250","0","The Court House","Orsett Road",NULL,NULL,"RM17 5DA",NULL,"140",NULL,"51.478663","0.323336"
"252","0","Great Grimsby Combined Court","Town Hall Square",NULL,NULL,"DN31 1HX","DX 702007 Grimsby 3","143",NULL,"53.564843","-0.08224"
"253","0","Magistrates' Courthouse","North Quay",NULL,NULL,"NR30 1PW","DX 139400 Great Yarmouth 3","142",NULL,"52.613174","1.724914"
"254","0","9 Blackheath Road","Greenwich",,,"SE10 8PE","DX 156800  Bromley","206",NULL,"51.473617","-0.019085"
"255","0","Victoria Street",,,,"DN31 1NH","DX 707680 Grimsby 5","143","DN31 1PE","53.569105","-0.080582"
"256","0","The Law Courts","Mary Road",NULL,NULL,"GU1 4PS","DX 97860 Guildford 5","144",NULL,"51.238962","-0.577198"
"257","0","Bedford Road",NULL,NULL,NULL,"GU1 4ST","DX 97862 Guildford 5","144",NULL,"51.238767","-0.578952"
"258","0","Mary Road",NULL,NULL,NULL,"GU1 4PS","DX 97865 Guildford 5","144",NULL,"51.238962","-0.577198"
"259","0","The Court House","Church Lane",NULL,NULL,"TS14 6HX",NULL,"145",NULL,"54.5399","-1.04933"
"261","0","Prescott Street",NULL,NULL,NULL,"HX1 2JJ","DX 702095 Halifax 2","148",NULL,"53.719277","-1.860157"
"262","0","Harrison Road",,,,"HX1 2AN",,"148",NULL,"53.720469","-1.863234"
"263","0","The Court House","Halton Lea",,,"WA7 2HA","DX 17793 Warrington 1","284",NULL,"53.329038","-2.696186"
"264","0","Highgate Court House","Bishops Road","Archway Road",,"N6 4HS","DX 153700 Highbury 4","164",NULL,"51.578235","-0.150058"
"265","0","Gate House","The High",NULL,NULL,"CM20 1UW","DX 97700 Harlow 2","150",NULL,"51.770102","0.091898"
"266","0","The Court House",NULL,NULL,NULL,"CM20 1HH",NULL,"150",NULL,"51.768307","0.096743"
"267","0","2 Victoria Avenue",,,,"HG1 1EL","DX 702098 Harrogate 3","151",NULL,"53.990275","-1.540428"
"268","0","The Court House","Victoria Avenue",,,"HG1 1EL","DX 742910 Harrogate 3","151",NULL,"53.990429","-1.539760"
"269","0","Hailsham Drive","off Headstone Drive",NULL,NULL,"HA1 4TU","DX 97335 Harrow 5","152",NULL,"51.593824","-0.33981"
"270","0","The Court House","Rosslyn Crescent","Wealdstone",,"HA1 2JY",,"152",NULL,"51.589595","-0.331762"
"271","0","The Law Courts","Victoria Road",NULL,NULL,"TS24 8BS","DX 65121 Hartlepool 2","153",NULL,"54.685782","-1.214005"
"272","0","The Law Courts","Victoria Road",NULL,NULL,"TS24 8AG","DX 68706 Hartlepool 2","153",NULL,"54.685782","-1.214005"
"273","0","363 Main Road","Dovercourt",NULL,NULL,"CO12 4DN",NULL,"154",NULL,"51.935222","1.267278"
"274","0","The Law Courts","Bohemia Road",NULL,NULL,"TN34 1QX","DX 98150 Hastings 2","155",NULL,"50.859393","0.566689"
"275","0","The Law Courts","Horntye Park","Bohemia Road",,"TN34 1ND",,"155",NULL,"50.859393","0.566689"
"276","0","Penffynnon","Hawthorn Rise",,,"SA61 2AX","DX 99610 Haverfordwest","156","SA61 2AX","51.80235","-4.97961"
"277","0","Main Road",,,,"RM1 3BH","DX 156842 Ilford 9","280",NULL,"51.581867","0.185739"
"280","0","Dacorum Way",,,,"HP1 1HF",,"159",NULL,"51.754619","-0.473957"
"281","0","The Court House","The Hyde","Hendon",,"NW9 7BY","DX 154720 Hendon 4","206",NULL,"51.58187","-0.245648"
"282","0","1st Floor","Barclays Bank Chambers","1-3 Broad Street",NULL,"HR4 9BA","DX 701904 Hereford 2","160",NULL,"52.05617","-2.717276"
"283","0","The Shirehall","St Peter's Square",,,"HR1 2HY","DX 721120 Worcester 11","160",NULL,"52.05619","-2.712536"
"284","0","The Court House","Bath Street",NULL,NULL,"HR1 2HE",NULL,"160",NULL,"52.05708","-2.71099"
"285","0","4th Floor Sovereign House","Hale Road",NULL,NULL,"SG13 8DY","DX 97710 Hertford 2","161",NULL,"51.793936","-0.079598"
"286","0","Shire Hall","Fore Street",NULL,NULL,,NULL,"161",NULL,"51.7959","-0.076943"
"287","0","The Law Courts","Ground Floor","Easton Street",,"HP11 1LR","DX 98010 Reading 6","163",NULL,"51.62765","-0.746128"
"288","0","Law Courts","Easton Street",NULL,NULL,"HP11 1LR","DX 97883 High Wycombe 1","163",NULL,"51.62765","-0.746128"
"289","0","51 Holloway Road",,,,"N7 8JA","DX  153700 Highbury 4","206",NULL,"51.546789","-0.105542"
"290","0","The Courthouse","Upper Bond Street",,,"LE10 1NZ","DX 742580 Hinckley 5","165",NULL,"52.544706","-1.373657"
"291","0","Park House","1-12 Old Park Road",NULL,NULL,"SG5 2JR","DX 97720 Hitchin 2","166",NULL,"51.94803","-0.282527"
"292","0","The Law Courts","Stanley Street",,,"LL65 1HG","DX 744382 Caernarfon 6","168",NULL,"53.311686","-4.632927"
"293","0","The Court House","Dowell Street",NULL,NULL,"EX14 1LZ",NULL,"169",NULL,"50.801079","-3.196098"
"295","0","70 Horseferry Road",NULL,NULL,NULL,"SW1P 2AX","DX 120551 Victoria 6","206",NULL,"51.494987","-0.128767"
"296","0","The Law Courts","Hurst Road",NULL,NULL,"RH12 2EU","DX 98170 Horsham 2","171",NULL,"51.068575","-0.322562"
"297","0","The Law Courts","Hurst Road",NULL,NULL,"RH12 2ET","DX 135596 Haywards Heath 6","171",NULL,"51.068575","-0.322562"
"298","0","Dairy Lane",NULL,NULL,NULL,"DH4 5BL",,"172",NULL,"54.841575","-1.475195"
"299","0","Hove Trial Centre","The Court House","Lansdowne Road",NULL,"BN3 3BN","DX 99402 Hove 3","173",NULL,"50.82874","-0.161569"
"300","0","Queensgate House","Queensgate",NULL,NULL,"HD1 2RR","DX 703013 Huddersfield 2","174",NULL,"53.642144","-1.783452"
"301","0","Court House","Civic Centre",NULL,NULL,"HD1 2NH",NULL,"174",NULL,"53.645056","-1.783361"
"302","0","The Law Courts","Market Place",,,"HU1 2AD","DX 742160 Hull 20","189",NULL,"53.740995","-0.332702"
"305","0","Buckingham Road",NULL,NULL,NULL,"IG1 1TP","DX 97510 Ilford 3","178",NULL,"51.561491","0.086854"
"306","0","The Court House","Pimlico",NULL,NULL,"DE7 5HZ",NULL,"179",NULL,"52.971666","-1.312483"
"308","0","Sessions House","Newington Causeway",NULL,NULL,"SE1 6AZ","DX 97345 Southwark 3","206",NULL,"51.498182","-0.096536"
"309","0","59-65 Wells Street",NULL,NULL,NULL,"W1A 3AE","DX 160000 Soho Square 6","206",NULL,"51.51761","-0.138823"
"310","0","8 Arcade Street",NULL,NULL,NULL,"IP1 1EJ","DX 97730 Ipswich 3","180",NULL,"52.057795","1.151168"
"311","0","The Courthouse","1 Russell Road",NULL,NULL,"IP1 2AG","DX 729480 Ipswich 19","180",NULL,"52.053654","1.143203"
"312","0","Ground Floor","8 Arcade Street",,,"IP1 1EJ","DX 97733 Ipswich 3","180",NULL,"52.057795","1.151168"
"313","0","Elm Street",NULL,NULL,NULL,"IP1 2AP","DX 3232 Ipswich","180",NULL,"52.056857","1.148885"
"314","0","Old Wesleyan Chapel","Garrison Lane","St Mary's",NULL,"TR21 0JD",NULL,"181","TR21 0JD","49.914615","-6.317111"
"315","0","36 Ridgeway Road",NULL,NULL,NULL,"TW7 5LP","DX 97420 Isleworth 1","182",NULL,"51.479216","-0.340331"
"316","0","County Court House","North Street",,,"BD21 3SH",,"184",NULL,"53.866943","-1.909423"
"317","0","The Court House","Bradford Road",NULL,NULL,"BD16 1YA","DX 21106 Bingley 2","35",NULL,"53.846246","-1.83534"
"318","0","The Court House","Burneside Road",NULL,NULL,"LA9 4NF","DX 63450 Kendal 2","185",NULL,"54.334694","-2.747967"
"319","0","The Court House","Burneside Road",NULL,NULL,"LA9 4TJ",NULL,"185",NULL,"54.334694","-2.747967"
"320","0","Dryland Street",NULL,NULL,NULL,"NN16 0BE","DX 701886 Kettering 2","186",NULL,"52.398946","-0.727189"
"321","0","The Court House","London Road",NULL,NULL,"NN15 7QP","DX 151720 Northampton 27","186",NULL,"52.397293","-0.72565"
"322","0","Comberton Place",,,,"DY10 1QT",,"187",NULL,"52.384648","-2.240396"
"323","0","Comberton Place",NULL,NULL,NULL,"DY10 1QQ",NULL,"187",NULL,"52.384179","-2.240893"
"324","0","Chequer House","12 King Street",NULL,NULL,"PE30 1ES","DX 97740 King's Lynn 2","188",NULL,"52.754652","0.39403"
"325","0","The Court House","College Lane",NULL,NULL,"PE30 1PQ",NULL,"188",NULL,"52.751722","0.394002"
"326","0","The Courthouse","College Lane",NULL,NULL,"PE30 1PQ","DX 97389 Norwich 5","188",NULL,"52.751722","0.394002"
"327","0","Kingston-upon-Hull Combined Court",NULL,NULL,NULL,"HU1 2EZ","DX 703010 Hull 5","211",NULL,"53.744099","-0.331716"
"328","0","The Law Courts","Market Place",,,"HU1 2AD","DX 742160 Hull 20","189",NULL,"53.744072","-0.326561"
"329","0","St James Road",,,,"KT1 2AD","DX 97890 Kingston-Upon-Thames 3","190",NULL,"51.40797","-0.305225"
"330","0","6-8 Penrhyn Road",NULL,NULL,NULL,"KT1 2BB","DX 97430 Kingston upon Thames 2","190",NULL,"51.405882","-0.304426"
"331","0","The Guildhall",,,,"KT1 1EU","DX 58559 Clapham Junction","190",NULL,"51.407826","-0.306467"
"332","0","Court House","Lathom Road",NULL,NULL,"L36 9XY","DX 19488 St Helens","177",NULL,"53.412114","-2.8372"
"333","0","Sessions House","Toft Road",NULL,NULL,"WA16 0PB",NULL,"191",NULL,"53.302033","-2.374179"
"334","0","Court House","Cleaver Street","Kennington Road",NULL,"SE11 4DZ","DX 145020 Kennington 2","206",NULL,"51.488362","-0.109866"
"335","0","2nd Floor","Mitre House","Church Street",,"LA1 1UZ","DX 145880 Lancaster 2","192",NULL,"54.050848","-2.803588"
"336","0","The Castle",,,,"LA1 1YJ",,"192",NULL,"54.0493","-2.80501"
"337","0","George Street",NULL,NULL,NULL,"LA1 1XZ",NULL,"192",NULL,"54.046522","-2.797381"
"338","0","Room 111","Mitre House","Church Street",,"LA1 1HE","DX 145883 Lancaster 2","192",NULL,"54.050848","-2.803588"
"339","0","The Court House","Dunheved Road",NULL,NULL,"PL15 9JE",NULL,"193",NULL,"50.63392","-4.363939"
"340","0","Warwickshire Justice Centre","Newbold Terrace",,,"CV32 4EL","DX 701964 Leamington 7","194",NULL,"52.28837","-1.533223"
"341","0","The Courthouse","1 Oxford Row",,,"LS1 3BG","DX 703016 Leeds 6","195",NULL,"53.800439","-1.551754"
"342","0","Westgate",,,,"LS1 3JP","DX 743890 Leeds (Westgate)","195","LS1 3AP","53.799852","-1.552661"
"343","0","Coronet House","3rd Floor","Queen Street",,"LS1 2BA","DX 26451 Leeds Park Square","195",NULL,"53.797200","-1.554646"
"344","0","90 Wellington Street",NULL,NULL,NULL,"LE1 6HG","DX 17401 Leicester 3","196",NULL,"52.630053","-1.127105"
"345","0","90 Wellington Street",NULL,NULL,NULL,"LE1 6HG","DX 10880 Leicester 3","196",NULL,"52.630053","-1.127105"
"346","0","15 Pocklingtons Walk",NULL,NULL,NULL,"LE1 6BT","DX 10828 Leicester 1","196",NULL,"52.632753","-1.134927"
"348","0","Darlington Street",,,,"WN1 1DW","DX 702555 Leigh 2","362",NULL,"53.543083","-2.626686"
"349","0","The Law Courts","High Street",NULL,NULL,"BN7 1YB","DX 97395 Lewes 4","198",NULL,"50.872982","0.009512"
"350","0","The Courthouse","Friars Walk",,,"BN7 2PG",,"198",NULL,"50.873593","0.014783"
"351","0","Lancastergate",,,,"PR25 2EX","DX 707530 Chorley 5","199","PR25 2EX","53.690388","-2.700788"
"352","0","360 High Street",NULL,NULL,NULL,"LN5 7PS","DX 703231 Lincoln 6","200",NULL,"53.224465","-0.541191"
"353","0","The Castle","Castle Hill",NULL,NULL,"LN1 3GA","DX 722500 Lincoln 11","200",NULL,"53.234589","-0.540577"
"354","0","The Court House","358 High Street",,,"LN5 7QA","DX 703232 Lincoln 6","200",NULL,"53.224601","-0.542025"
"355","0","360 High Street",NULL,NULL,NULL,"LN5 7PS","DX 703233 Lincoln 6","200",NULL,"53.224465","-0.541191"
"356","0","The Magistrates' Court","St Andrew Street",,,"PL14 6RF",,"201",NULL,"50.464277","-4.46404"
"357","0","The Queen Elizabeth II Law Courts","Derby Square",NULL,NULL,"L2 1XA","DX 740880 Liverpool 22","202",NULL,"53.404169","-2.989778"
"358","0","Queen Elizabeth II Law Courts","Derby Square",,,"L2 1XA","DX 14246 Liverpool 1","202",NULL,"53.404169","-2.989778"
"359","0","107 Dale Street",NULL,NULL,NULL,"L2 2JQ","DX 707900 Liverpool 8","202",NULL,"53.409151","-2.986268"
"360","0","The Court House","Conwy Road",,,"LL30 1GA","DX 11365 Llandudno","203",NULL,"53.320208","-3.823277"
"361","0","2nd Floor","Court Buildings","Town Hall Square",NULL,"SA15 3AL","DX 99510 Llanelli 2","204",NULL,"51.682114","-4.163127"
"362","0","Glanhwfa Road",,,,"LL77 7EN","DX 702480 Llangefni 2","205",NULL,"53.254909","-4.311636"
"363","0","Shire Hall Street","Glanhwfa Road",,,"LL77 7TW","DX 744382 Caernarfon 6","205",NULL,"53.253029","-4.309871"
"364","0","The Court House","Glyncornel","Llwynypia",,"CF40 2ER",,"332",NULL,"51.632816","-3.454599"
"365","0","London Probate Department","PRFD,  First Avenue House","42-49 High Holborn","7th Floor","WC1V 6NP","DX 941 London Chancery Lane","167",NULL,"51.518436","-0.114516"
"368","0","The Sessions House","Eastgate",NULL,NULL,"LN11 7AN",NULL,"209",NULL,"53.371035","0.011907"
"369","0","Old Nelson Street",NULL,NULL,NULL,"NR32 1HJ","DX 97750 Lowestoft 2","210",NULL,"52.478352","1.755855"
"370","0","Old Nelson Street",NULL,NULL,NULL,"NR32 1HJ","DX 97750 Lowestoft 2","210",NULL,"52.478352","1.755855"
"371","0","Guild Hall","Mill St",,,"SY8 1BB","DX 701976 Telford 3","212",NULL,"52.366609","-2.720973"
"372","0","The Guildhall","Mill Street",NULL,NULL,NULL,NULL,"212",NULL,"52.366","-2.71972"
"373","0","Stuart Street",NULL,NULL,NULL,"LU1 5BL","DX 151660 Luton 16","213",NULL,"51.878278","-0.420284"
"374","0","2nd Floor","Cresta House","Alma Street",,"LU1 2PU","DX 97760 Luton 4","213",NULL,"51.88104","-0.419054"
"375","0","7 George Street",NULL,NULL,NULL,"LU1 2AA","DX 120500 Luton 6","213",NULL,"51.877723","-0.414434"
"376","0","The Court House","Pike's Hill",,,"SO43 7AY",,"214",NULL,"50.877484","-1.578405"
"377","0","Court Office","2nd Floor","Silk House","Park Green","SK11 7NA","DX 702498 Macclesfield 3","215",NULL,"53.256651","-2.123593"
"378","0","The Law Courts","6-8 Hibel Road",NULL,NULL,"SK10 2AB",NULL,"215",NULL,"53.263517","-2.124977"
"379","0","Bridge Road",,,,"SL6 8PB",,"216",NULL,"51.524951","-0.714297"
"380","0","The Law Courts","Barker Road",,,"ME16 8EQ","DX 130065 Maidstone 7","217",NULL,"51.270808","0.518614"
"381","0","The Courthouse","Palace Avenue",NULL,NULL,"ME15 6LL","DX 152303 Maidstone 19","217",NULL,"51.271418","0.523307"
"382","0","The Law Courts","Barker Road",NULL,NULL,"ME16 8EQ","DX 130066 Maidstone 7","217","ME16 8EQ","51.270808","0.518614"
"383","0","Crown Square",,,,"M60 1PR","DX 745170 Manchester 75","218",NULL,"53.480343","-2.249923"
"385","0","Courts of Justice","Crown Square",NULL,NULL,"M3 3FL","DX 702538 Manchester 11","218",NULL,"53.480121","-2.252201"
"386","0","The Court House","Minshull Street",NULL,NULL,"M1 3FS","DX 724860 Manchester 43","218",NULL,"53.478682","-2.235166"
"389","0","Rosemary Street",NULL,NULL,NULL,"NG19 6EE","DX 179560 Mansfield 9","219",NULL,"53.148638","-1.205729"
"390","0","The Courthouse","Cecil Square",NULL,NULL,NULL,NULL,"220",NULL,"51.3823","1.3848"
"392","0","Dodderidge Road",NULL,NULL,NULL,"LE16 7NH",NULL,"222","LE16 7NH","52.480175","-0.920718"
"394","0","Guildhall Buildings","Basinghall Street",NULL,NULL,"EC2V 5AR","DX 97520 Moorgate EC2","206",NULL,"51.515292","-0.091341"
"395","0","Anchorage House","47-67 High Street",NULL,NULL,"ME4 4DW","DX 98180 Chatham 4","76",NULL,"51.384035","0.519581"
"396","0","The Court House","The Brook",,,"ME4 4JZ","DX 157180 Chatham 13","76",NULL,"51.384229","0.526879"
"397","0","The Court House","Norman Way",NULL,NULL,"LE13 1NH","DX 701937 Melton Mowbray 2","223",NULL,"52.766643","-0.887238"
"398","0","The Courthouse","Norman Way",NULL,NULL,"LE13 1NH",NULL,"223",NULL,"52.766643","-0.887238"
"399","0","North Parade Road",,,,"BA1 5AF","DX 138142 Bath 5","27",NULL,"51.380813","-2.354284"
"400","0","The Law Courts","Glebeland Place",,,"CF47 8BH","DX 99582 Merthyr Tydfil 2","224",NULL,"51.747033","-3.379905"
"401","0","Law Courts",NULL,NULL,NULL,"CF47 8BU",NULL,"224",NULL,"51.747558","-3.380483"
"402","0","The Law Courts","Bolnore Road",,,"RH16 4BA","DX 135596 Haywards Heath 6","158",NULL,"50.99916","-0.113411"
"403","0","The Law Courts","Russell Street",NULL,NULL,"TS1 2AE","DX 65152 Middlesbrough 2","225",NULL,"54.575209","-1.231232"
"405","0","Teesside Combined Court Centre","Russell Street",,,"TS1 2AE","DX 60536 Middlesbrough","225",NULL,"54.575209","-1.231232"
"407","0","The Court House","Queensway",NULL,NULL,"IP28 7ER",NULL,"226",NULL,"52.344236","0.510919"
"408","0","351 Silbury Boulevard (Rear)","Witan Gate East",NULL,NULL,"MK9 2DT","DX 136266 Milton Keynes 6","75",NULL,"52.041047","-0.766292"
"409","0","301 Silbury Boulevard","Witan Gate East",,,"MK9 2AJ","DX 136270 Milton Keynes 6","227",NULL,"52.041047","-0.766292"
"410","0","Townsend Road",NULL,NULL,NULL,"TA24 5RJ",NULL,"228",NULL,"51.200009","-3.47293"
"411","0","Law Courts","Civic Centre",NULL,NULL,"CH7 1AE","DX 702521 Mold 2","229",NULL,"53.177002","-3.13717"
"412","0","The Law Courts",,,,"CH7 1AE","DX 702521 Mold 2","229",NULL,"53.177002","-3.13717"
"413","0","The Law Court",,,,"CH7 1AE","DX 702521 Mold 2","229",NULL,"53.166107","-3.143718"
"414","0","Fountain House","Newmarket",NULL,NULL,"NE61 1LA","DX 65124 Morpeth 2","230","NE61 1LA","55.166995","-1.690526"
"415","0","Forster Road",NULL,NULL,NULL,"SA11 3BN","DX 99550 Neath 2","232",NULL,"51.661597","-3.799453"
"416","0","Fairfield Way","Neath","West Glamorgan",,"SA11 1RF",,"388",NULL,"51.663043","-3.80191"
"417","0","Phoenix Chambers",,,,,,"233",NULL,,
"418","0","Magnus Street",,,,"NG24 1LD","DX 11836 Newark 2","234",NULL,"53.077126","-0.805178"
"419","0","Beech House","58 Commercial Gate",,,"NG18 1EU","DX 702180 Mansfield 3","219",NULL,"53.139683","-1.197343"
"420","0","The Court House","Mill Lane",NULL,NULL,"RG14 5QS","DX 30816 Newbury 1","235",NULL,"51.400831","-1.318286"
"421","0","The Court House","Mill Lane",NULL,NULL,"RG14 5QS",NULL,"235",NULL,"51.400831","-1.318286"
"422","0","The Court House","Ryecroft",NULL,NULL,"ST5 2DT",NULL,"236","ST5 2DT","53.013332","-2.230256"
"423","0","The Law Courts","The Quayside",,,"NE1 3LA","DX 65127 Newcastle upon Tyne 2","237",NULL,"54.970171","-1.603251"
"424","0","1 Waterloo Square",,,,"NE1 4DR","DX 61081 Newcastle-upon-Tyne 14","237",NULL,"54.969626","-1.621158"
"425","0","Market Street",,,,"NE99 1AU","DX 61098 Newcastle-Upon-Tyne","237",NULL,"54.973213","-1.610661"
"426","0","5th Floor","Clarence House","Clarence Place",,"NP19 7AA","DX 99480 Newport (South Wales) 4","238",NULL,"51.590972","-2.992616"
"427","0","The Law Courts","1 Quay Street",,,"PO30 5YT","DX 98460 Newport IW2","239",NULL,"50.701208","-1.291858"
"429","0","The Law Courts","1 Quay Street",,,"PO30 5YT","DX 98460 Newport IW2","239",NULL,"50.701208","-1.291858"
"430","0","The Law Courts","Faulkner Road",,,"NP20 4PR","DX 99460 Newport 1/2","238",NULL,"51.588381","-3.004937"
"431","0","Civic Centre","Faulkner Road",,,"NP20 4UR",,"238",NULL,"51.588652","-3.005809"
"432","0","The Court House","Newfoundland Way",,,"TQ12 1NG","DX 98740 Torquay 4","240",NULL,"50.528946","-3.613438"
"433","0","Central Avenue",NULL,NULL,NULL,"DL5 5RT","DX 63808 Newton Aycliffe","241",NULL,"54.620498","-1.569677"
"434","0","Kennedy Way","Yate",,,"BS37 4PY","DX 743500 Yate 2","58",NULL,"51.539722","-2.41684"
"436","0","Albert Road",,,,"PR9 0LJ",,"306",NULL,"53.652411","-2.997385"
"438","0","Kings Court","Earl Grey Way","Royal Quays",NULL,"NE29 6AR","DX 65137 North Shields 2","243",NULL,"54.997587","-1.462657"
"439","0","The Courthouse","Tynemoouth Road,",,,"NE30 1AG",,"243",NULL,"55.011951","-1.441387"
"440","0","3 Racecourse Lane",NULL,NULL,NULL,"DL7 8QZ","DX 742420","244",NULL,"54.333486","-1.435885"
"441","0","85-87 Lady's Lane",,,,"NN1 3HQ","DX 725380 Northampton 21","245",NULL,"52.240803","-0.89364"
"442","0","Regent's Pavilion","Summerhouse Road",NULL,NULL,"NN3 6AS","DX 151720 Northampton 27","231",NULL,"52.277558","-0.873714"
"443","0","Campbell Square",NULL,NULL,NULL,"NN1 3EB","DX 151720 Northampton 27","245",NULL,"52.241115","-0.89621"
"445","0","The Law Courts","Bishopgate",,,"NR3 1UR","DX 97385 Norwich 5","247",NULL,"52.63455","1.30181"
"446","0","Bishopgate",NULL,NULL,NULL,"NR3 1UP","DX 97389 Norwich 5","247",NULL,"52.634234","1.30152"
"447","0","Combined Court Building","The Law Courts","Bishopgate",,"NR3 1UR","DX 97390 Norwich 5","247",NULL,"52.63455","1.30181"
"448","0","60 Canal Street",NULL,NULL,NULL,"NG1 7EJ","DX 702380 Nottingham 7","248",NULL,"52.94854","-1.146651"
"449","0","60 Canal Street",NULL,NULL,NULL,"NG1 7EL","DX 702383 Nottingham 7","248",NULL,"52.94854","-1.146651"
"450","0","Carrington Street",NULL,NULL,NULL,"NG2 1EE","DX 719030 Nottingham 32","248",NULL,"52.947283","-1.149354"
"451","0","Butt Dyke House","33 Park Row",NULL,NULL,"NG1 6GR","DX 10055 Nottingham","248",NULL,"52.95198","-1.156347"
"452","0","Warwickshire Justice Centre","P.O. Box 3878","Vicarage Street",,"CV11 4JU","DX 701940 Nuneaton 2","249",NULL,"52.522925","-1.462428"
"453","0","Warwickshire Justice Centre","Vicarage Street",,,"CV11 4JU",,"249",NULL,"52.522932","-1.462770"
"455","0","New Radcliffe Street",NULL,NULL,NULL,"OL1 1NL","DX 702595 Oldham 2","252",NULL,"53.543553","-2.118544"
"456","0","St Domingo Place","West Street",,,"OL1 1QE","DX 745190 Oldham 8","252",NULL,"53.541739","-2.116999"
"457","0","Magistrates' Court","Derby Street",,,"L39 2BJ","DX 707530 Chorley 5","253","L39 2BJ","53.568781","-2.883116"
"458","0","The Court House","Holbache Road",,,"SY11 1RP",,"254",NULL,"52.860896","-3.054813"
"459","0","Holbache Road",NULL,NULL,NULL,"SY11 1RP",NULL,"254","SY11 1RP","52.857895","-3.060606"
"460","0","St Aldates",,,,"OX1 1TL","DX 96450 Oxford 4","255",NULL,"51.74817","-1.257072"
"461","0","Combined Court Building","St Aldates",,,"OX1 1LY","DX 96454 Oxford 4","255",NULL,"51.74817","-1.257072"
"462","0","The Court House",,"Speedwell Street",,"OX1 1RZ","DX 96452 Oxford 4","255",NULL,"51.748546","-1.258160"
"463","0","The Court House","Lowther Terrace",,,"CA11 7QL",,"256",NULL,"54.666918","-2.753022"
"464","0","Court House","Lowther Terrace",NULL,NULL,"CA11 7QL",NULL,"256","CA11 7QL","54.666918","-2.753022"
"466","0","Trevear","Alverton Terrace",,,"TR18 4GH",,"257",NULL,"50.11838","-5.54139"
"467","0","The Guildhall","St John's Hall",,,"TR18 2QD",NULL,"257",NULL,"50.11965","-5.539888"
"468","0","Crown Buildings","Rivergate",NULL,NULL,"PE1 1EJ","DX 702302 Peterborough 8","258",NULL,"52.570066","-0.24022"
"469","0","The Court House","Bridge Street",NULL,NULL,"PE1 1ED","DX 742250 Peterborough 23","258",NULL,"52.569753","-0.241531"
"470","0","1st Floor","Crown Building","Rivergate",,"PE1 1EJ","DX 702305 Peterborough 8","258",NULL,"52.570066","-0.24022"
"471","0","St Aidans Way",,,,"SR8 1QR",NULL,"259",NULL,"54.755684","-1.336151"
"473","0","The Law Courts","10 Armada Way",NULL,NULL,"PL1 2ER","DX 98470 Plymouth 7","261",NULL,"50.369194","-4.141693"
"474","0","St Andrews Street",,,,"PL1 2DP",NULL,"261",NULL,"50.369287","-4.139573"
"475","0","Horsefair House","Horsefair",NULL,NULL,"WF8 1RJ","DX 703022 Pontefract 2","262",NULL,"53.692486","-1.308674"
"476","0","The Court House","2 Front Street",,,"WF8 1BW","DX 743900 Pontefract 6","262",NULL,"53.692161","-1.314736"
"477","0","Park Road","Riverside","Pontypool",,"NP4 6NZ",,"333",NULL,"51.704647","-3.041506"
"478","0","The Courthouse","Courthouse Street",NULL,NULL,"CF37 1JR","DX 99620 Pontypridd 2","263",NULL,"51.599848","-3.344248"
"479","0","Union Street","Mid Glamorgan",,,"CF37 1SD",,"263",NULL,"51.598377","-3.340797"
"480","0","The Law Courts","Civic Centre","Park Road",NULL,"BH15 2NS","DX 98700 Poole 4","264",NULL,"50.722164","-1.960835"
"481","0","The Law Courts","Park Road",,,"BH15 2NS","DX 98700 Poole 4","264",NULL,"50.721936","-1.960770"
"482","0","Port Talbot Justice Centre","Harbourside Road",,,"SA13 1SB",,"266",NULL,"51.592466","-3.78348"
"483","0","The Courts of Justice","Winston Churchill Avenue",NULL,NULL,"PO1 2EB","DX 98490 Portsmouth 5","265",NULL,"50.79578","-1.091162"
"484","0","The Law Courts","Winston Churchill Avenue",,,"PO1 2DQ","DX 98494 Portsmouth 5","265",NULL,"50.795951","-1.090038"
"485","0","Victoria Road",NULL,NULL,NULL,"LL19 7TE",NULL,"268",NULL,"53.336575","-3.416416"
"486","0","The Law Courts","Openshaw Place","Ring Way",,"PR1 2LL","DX 702660 Preston 5","269",NULL,"53.762394","-2.698983"
"487","0","P.O. Box 52","Lawson Street",,,"PR1 2QT",,"269","PR1 2QT","53.761981","-2.701199"
"488","0","Troed yr Allt",,,,"LL53 5ED","DX 744382 Caernarfon 6","271",NULL,"52.89093","-4.41825"
"490","0","1 Grange Street",NULL,NULL,NULL,"BB4 7RT","DX 702565 Rawtenstall 2","272",NULL,"53.702736","-2.283387"
"492","0","160-163 Friar Street",,,,"RG1 1HE","DX 98010 Reading 6","273",NULL,"51.456571","-0.970745"
"493","0","Old Shire Hall","The Forbury",,,"RG1 3EH","DX 97440 Reading 5","273",NULL,"51.456367","-0.967119"
"494","0","Civic Centre",NULL,NULL,NULL,"RG1 7TQ","DX 151160 Reading 25","273",NULL,"51.453342","-0.975742"
"495","0","850 Cranbrook Road","Barkingside",,,"IG6 1HW","DX 156842 Ilford 9","178",NULL,"51.587712","0.081415"
"496","0","13 Church Road",NULL,NULL,NULL,"B97 4AB","DX 701880 Redditch 2","274",NULL,"52.308121","-1.941947"
"497","0","Grove Street",,,,"B98 8DB",,"274",NULL,"52.30609","-1.93674"
"498","0","The Law Courts","Hatchlands Road",NULL,NULL,"RH1 6DH","DX 98021 Redhill West","275",NULL,"51.238536","-0.182026"
"499","0","The Court House","P.O. Box 64","Colne Road","Reedley","BB10 2NQ","Please use postcode BB10 2LJ for satellite navigation purposes.","60",NULL,"53.818049","-2.234748"
"500","0","The Law Courts","Hatchlends Road",NULL,NULL,"RH1 6BL","DX 98020 Redhill West","275",NULL,"51.238536","-0.182026"
"501","0","The Court House","Exchange Street",NULL,NULL,NULL,NULL,"276",NULL,"53.321","-0.943008"
"502","0","16 Ebberston Road West","Rhos on Sea",NULL,NULL,"LL28 4AP",NULL,"91",NULL,"53.302296","-3.747236"
"503","0","The Courthouse","Clwyd Street",NULL,NULL,"LL18 3LA","DX 702489 Rhyl 2","277",NULL,"53.320199","-3.488506"
"504","0","The Court House","Parkshot",,,"TW9 2RF","DX 155810 Richmond 4","278",NULL,"51.463815","-0.303474"
"505","0","The Courthouse","P O Box 8","Town Meadows",,"OL16 1AR","DX 745200 Rochdale 8","279",NULL,"53.616686","-2.159548"
"506","0","2a Oaklands Avenue",NULL,NULL,NULL,"RM1 4DP","DX 97530 Romford 2","280",NULL,"51.58265","0.187638"
"507","0","Rotherham Law Courts","The Statutes","PO Box 15",,"S60 1YW","DX 703025 Rotherham 4","281","S60 1YW","53.429146","-1.358336"
"508","0","Rotherham Law Courts","The Statutes","Off Main Street",,"S60 1YW","DX 703025 Rotherham 4","281","S60 1YW","53.429146","-1.358336"
"509","0","The New Courthouse","Newbold Road",NULL,NULL,"Cv21 2LQ","DX 701934 Rugby 2","282",NULL,"52.375724","-1.265216"
"510","0","Newbold Road",,,,"CV21 2DH",,"282",NULL,"52.376894","-1.264640"
"513","0","Prince William House","Peel Cross Road (off Eccles New Road)","Salford","Lancashire","M5 4RR","DX 702630 Salford 5","286","M5 2RR","53.479456","-2.284322"
"514","0","Bexley Square",,,,"M3 6DJ","DX 745210 Salford 25","286",NULL,"53.484178","-2.259052"
"515","0",,,,,,,"206",NULL,,
"516","0","The Guildhall","Market Square",,,,,"287",NULL,,
"517","0","Pavilion House","Valley Bridge Road",NULL,NULL,"YO11 2JS","DX 65140 Scarborough 2","288",NULL,"54.280393","-0.404405"
"518","0","The Law Courts","Northway",NULL,NULL,"YO12 7AE","DX 68893","288",NULL,"54.281464","-0.407912"
"519","0","Scunthorpe Court Centre","Laneham Street",,,"DN15 6JY","DX 742212 Scunthorpe 10","289",NULL,"53.5877","-0.647778"
"520","0","Scunthorpe Court Centre","Laneham Street",,,"DN15 6JY",,"289",NULL,,
"521","0","The Court House","Northgate",,,"TA6 3YL",,"54",NULL,"51.130281","-3.005349"
"522","0","Court House","New Lane",,,"YO8 4QB",,"290",NULL,"53.782984","-1.070489"
"523","0","The Courthouse","Morewood Close","London Road",NULL,"TN13 2HU",NULL,"291",NULL,"51.28004","0.17723"
"524","0","The Law Courts","50 West Bar",NULL,NULL,"S3 8PH","DX 703028 Sheffield 6","292",NULL,"53.385556","-1.468739"
"525","0","Castle Street",NULL,NULL,NULL,"S3 8LU","DX 10599 Sheffield 1","292",NULL,"53.385197","-1.46497"
"526","0","P.O. Box 832","The Law Courts","50 West Bar",,"S3 8YR","DX 742916 Sheffield 6","292","S3 8YR","53.385556","-1.468739"
"527","0","The Court House","Digby Road",NULL,NULL,NULL,NULL,"293",NULL,"50.945","-2.5141"
"529","0","4th Floor","Cambrian Business Centre","Chester Street",NULL,"SY1 1NA","DX 702047 Shrewsbury 3","294",NULL,"52.712603","-2.750927"
"530","0","The Shirehall","Abbey Foregate",NULL,NULL,"SY2 6LU","DX 702022 Shrewsbury 2","294",NULL,"52.704618","-2.731136"
"531","0","The Court House","Preston Street",NULL,NULL,"SY2 5NX",NULL,"294",NULL,"52.704949","-2.729809"
"532","0","The Court House","1 Park Road",NULL,NULL,"ME10 1DR",NULL,"295",NULL,"51.339872","0.731525"
"533","0","55 Norfolk Street",,,,"PE21 6PE","DX 701922 Boston 2","46",NULL,"52.983059","-0.024983"
"534","0","The Court House","Park Avenue",,,"PE25 1BH","DX 743030 Skegness 3","296",NULL,"53.148591","0.344838"
"535","0","The Court House","Otley Street",,,"BD23 1RH","DX 703031 Skipton 2","297","BD23 1HU","53.961367","-2.014766"
"536","0","The Court House","Otley Street",,,"BD23 1RH","DX 742910 Harrogate 3","297","BD23 1HU","53.961195","-2.012599"
"537","0","Market Place",NULL,NULL,NULL,"NG34 7SH",NULL,"298",NULL,"52.999991","-0.409466"
"538","0","The Law Courts","Windsor Road",NULL,NULL,"SL1 2HE","DX 98030 Slough 3","299",NULL,"51.507426","-0.598103"
"539","0","75 Hollybush Hill",NULL,NULL,NULL,"E11 1QW","DX 98240 Wanstead 2","300",NULL,"51.581017","0.017283"
"540","0","The Court House","Homer Road",NULL,NULL,"B91 3RD","DX 708350 Solihull 14","301",NULL,"52.412713","-1.781356"
"541","0","The Law Courts","Civic Centre",NULL,NULL,"CW1 2DT",NULL,"96",NULL,"53.097665","-2.438725"
"542","0","The Law Courts",NULL,NULL,NULL,"NE22 7LX","DX 62705 Bedlington","30",NULL,"55.132385","-1.594101"
"544","0","Merton Road",,,,"L20 3XX","DX 707620 Bootle 3","45",NULL,"53.448921","-2.989102"
"545","0","Millbank","Secretan Way",NULL,NULL,"NE33 1RG","DX 65143 South Shields 3","302",NULL,"54.993024","-1.439086"
"546","0","The Law Courts","Petters Way",,,"BA20 1SW","DX 100537 Yeovil","379",NULL,"50.939632","-2.633773"
"547","0","Millbank","Secretan Way",,,"NE33 1RG","DX 65143 South Shields 3","302",NULL,"54.993024","-1.439086"
"548","0","176a Lavender Hill",NULL,NULL,NULL,"SW11 1JU","DX 58559 Clapham Junction","28",NULL,"51.464612","-0.16246"
"549","0","Castle Street",NULL,NULL,NULL,"WR1 3QZ",NULL,"373",NULL,"52.196927","-2.224326"
"550","0","The Courts of Justice","London Road",,,"SO15 2XQ","DX 111000 Southampton 11","303",NULL,"50.913706","-1.402977"
"551","0","100 The Avenue",NULL,NULL,NULL,"SO17 1EY","DX 135986 Southampton 32","303",NULL,"50.914313","-1.403979"
"552","0","Tylers House","Tylers Avenue",,,"SS1 2AW","DX 97780 Southend 2","305",NULL,"51.537535","0.715025"
"553","0","The Court House","Victoria Avenue",NULL,NULL,"SS2 6EG",NULL,"305",NULL,"51.543729","0.709725"
"554","0","The Court House","80 Victoria Avenue",NULL,NULL,"SS2 6EU",NULL,"305",NULL,"51.543729","0.709725"
"555","0","Dukes House","34 Hoghton Street",NULL,NULL,"PR9 0PU","DX 702580 Southport 2","306",NULL,"53.648908","-2.999314"
"556","0","Law Courts","Albert Road",NULL,NULL,"PR9 0LJ","DX 708200/1/2","306","PR9 0LJ","53.652411","-2.997385"
"557","0","1 English Grounds","(off Battlebridge Lane)",NULL,NULL,"SE1 2HU","DX 39913 London Bridge South","307",NULL,"51.505718","-0.082173"
"558","0","The Sessions House","Sheepmarket",,,"PE11 1BB",,"308",NULL,"52.786623","-0.154159"
"559","0","The Court Building","Bricket Road",,,"AL13JW","DX 97770 St. Albans 2","309",NULL,"51.751619","-0.335522"
"560","0","The Court Building","Bricket Road",NULL,NULL,"AL1 3JW","DX 99700 St Albans 3","309",NULL,"51.751619","-0.335522"
"561","0","The Civic Centre","St Peter's Street",NULL,NULL,"AL1 3LB",,"309",NULL,"51.752302","-0.336743"
"562","0","St Helens Courthouse","Corporation Street",,,"WA10 1SE","DX 725020 St. Helens 4","310",NULL,"53.453662","-2.737407"
"563","0","St Helens Magistrates sitting at","The Courthouse","Corporation Street","Merseyside","WA10 1SZ","DX 19488","310",NULL,"53.454944","-2.73648"
"564","0","Victoria Square",NULL,NULL,NULL,"ST16 2QQ","DX 703190 Stafford 4","311",NULL,"52.805428","-2.119429"
"565","0","The Court House","South Walls",,NULL,"ST16 3DW","DX 14575 Stafford 1","311",NULL,"52.805906","-2.113657"
"566","0","The Court House","Bryans Lane",NULL,NULL,"WS15 2FX",NULL,"283",NULL,"52.761817","-1.932383"
"567","0","The Law Courts","Knowle Green",NULL,NULL,"TW18 1XH","DX 98040 Staines 2","312",NULL,"51.429098","-0.498096"
"568","0","The Law Courts","Knowle Green",,,"TW18 1XH","DX 98045 Staines 2","312","TW18 1XH","51.429098","-0.498096"
"569","0","Town Hall","St Mary's Hill",NULL,NULL,"PE9 2DR",NULL,"313",NULL,"52.650933","-0.478116"
"570","0","Danesgate",,,,"SG1 1JQ",,"314",NULL,"51.901177","-0.203235"
"571","0","5th Floor","Heron House","Wellington Street",,"SK1 3DJ","DX 702620 Stockport 4","315","SK1 3DJ","53.408185","-2.159067"
"572","0","The Courthouse","Edward Street",,,"SK1 3NF","DX 702620 Stockport 4","315",NULL,"53.406539","-2.156239"
"573","0","The Court House","Baker Street",NULL,NULL,"ST4 3BX","DX 700402 Fenton","127",NULL,"52.99808","-2.163498"
"574","0","Combined Court Centre","Bethesda Street","Hanley",NULL,"ST1 3BP","DX 703363 Hanley 3","316","ST1 3BP","53.0221","-2.1758"
"575","0","Bethesda Street","Hanley",NULL,NULL,"ST1 3BP","DX 703360 Hanley 3","316",NULL,"53.022072","-2.175754"
"577","0","7 Hagley Road",,,,"DY8 1QL","DX 701889 Stourbridge 2","317",NULL,"52.454044","-2.143235"
"578","0","The Court House","389-397 High Street",,,"E15 4SB","DX 157540 Bow 3","206",NULL,"51.539195","0.000354"
"579","0","5 Elm Court","Arden Street",NULL,NULL,"CV37 6PA","DX 701998 Stratford Upon Avon 3","319",NULL,"52.194146","-1.712003"
"581","0","Stroud Courthouse","Parliament Street",NULL,NULL,"GL5 1ET","DX 98665 Gloucester 5","320",NULL,"51.745583","-2.214159"
"582","0","The Court House","Acton Lane",NULL,NULL,"CO10 1QN",NULL,"321",NULL,"52.042944","0.735293"
"583","0","44 John Street",NULL,NULL,NULL,"SR1 1RB","DX 65149 Sunderland 2","322",NULL,"54.904879","-1.380346"
"584","0","Gillbridge Avenue",,,,"SR1 3AP","DX 742740 Sunderland 17","322",NULL,"54.907199","-1.387828"
"585","0","Lichfield Road",NULL,NULL,NULL,"B74 2NS","DX 708310 Sutton Coldfield 6","323",NULL,"52.568184","-1.823562"
"586","0","The Court House","Shotfield",,,"SM6 0JA","DX 97474 Croydon 6","344",NULL,"51.357811","-0.151856"
"587","0","The Courthouse","Westacre Road",NULL,NULL,"PE37 7NH",,"324",NULL,"52.64977","0.686002"
"588","0","Caravella House","Quay West","Quay Parade",,"SA1 1SP","DX 99740 Swansea 5","325",NULL,"51.620257","-3.938"
"589","0","The Law Courts","St Helen's Road",,,"SA1 4PF","DX 99540 Swansea 4","325",NULL,"51.614353","-3.957233"
"590","0","Grove Place",NULL,NULL,NULL,"SA1 5DB",NULL,"325",NULL,"51.621879","-3.945379"
"591","0","The Law Courts","Islington Street",NULL,NULL,"SN1 2HG","DX 98430 Swindon 5","326",NULL,"51.561103","-1.781911"
"592","0","Princes Street",NULL,NULL,NULL,"SN1 2JB","DX 118725 Swindon 7","326",NULL,"51.560832","-1.781061"
"593","0","P.O. Box 166","Henry Square",NULL,NULL,"OL6 7TP","DX 702625 A-U-L 2","14",NULL,"53.485575","-2.102121"
"595","0","The Court House","Spinning School Lane",,,"B79 7AN","702016 Tamworth 2","327","B79 7AE","52.635296","-1.693055"
"596","0","The Court House","Spinning School Lane",,,"B79 7AR",,"327",NULL,"52.635296","-1.693055"
"597","0","The Shire Hall",NULL,NULL,NULL,"TA1 4EU","DX 98410 Taunton 2","328",NULL,"51.012778","-3.107695"
"598","0","The Shire Hall","Shuttern",NULL,NULL,"TA1 4EU","DX 98410 Taunton 2","328",NULL,"51.012778","-3.107695"
"599","0","The Magistrates' Court","St John's Road",NULL,NULL,"TA1 4AX","DX 122473 Taunton 7","328",NULL,"51.014297","-3.10967"
"600","0","Russell Street",NULL,NULL,NULL,"TS1 2AE","DX 65152 Middlesbrough 2","225",NULL,"54.575209","-1.231232"
"601","0","Teesside Magistrates' Courts","Victoria Square",,,"TS1 2AS","DX 60562 Middlesbrough","225",NULL,"54.573523","-1.234574"
"602","0","Telford Square","Malinsgate","Town Centre",NULL,"TF3 4JP","DX 701976 Telford 3","329",NULL,"52.678223","-2.452257"
"603","0","Telford Square","Malinsgate",NULL,NULL,"TF3 4HX",NULL,"329",NULL,"52.67774","-2.451498"
"605","0","58 Bow Road",,,,"E3 4DJ","DX 157540 Bow 3","206",NULL,"51.527074","-0.023595"
"606","0","The Court House","2nd Floor","Cecil Square",NULL,"CT9 1RL","DX 98210 Cliftonville 2","220",NULL,"51.387619","1.381771"
"607","0","The Courthouse","Old Bury Road",NULL,NULL,"IP24 3AQ",NULL,"331",NULL,"52.412361","0.746252"
"608","0","The Willows","Nicholson Road",NULL,NULL,"TQ2 7AZ","DX 98740 Torquay 4","334",NULL,"50.486768","-3.551807"
"609","0","The Court House","Union Street",,,"TQ1 4BP","DX 98740 Torquay 4","334",NULL,"50.46944","-3.533921"
"610","0","The Court House","Ashburton Road",,,"TQ9 5JY","DX 98740 Torquay 4","335",NULL,"50.436321","-3.693074"
"612","0","211 Tooley Street",NULL,NULL,NULL,"SE1 2JY",NULL,"206",NULL,"51.502309","-0.076668"
"613","0","P.O. Box 13","Ashton Lane",NULL,NULL,"M33 7NR","DX 708290 Sale 6","285",NULL,"53.42631","-2.325277"
"615","0","Ground Floor","Clarks Mill","Stallard Street",NULL,"BA14 8DB","DX 98750 Trowbridge 2","339",NULL,"51.320239","-2.211438"
"616","0","Courts of Justice","Edward Street",NULL,NULL,"TR1 2PB","DX 135396 Truro 2","340",NULL,"50.265548","-5.056635"
"617","0","Courts of Justice","Edward Street",NULL,NULL,"TR1 2PB","DX 135396 Truro 2","340",NULL,"50.265548","-5.056635"
"618","0","The Court House","Tremorvah Wood Lane","Mitchell Hill",NULL,"TR1 1HZ",NULL,"340",NULL,"50.2683","-5.043998"
"619","0","Merevale House","42-46 London Road",NULL,NULL,"TN1 1DP","DX 98220 Tunbridge Wells 3","341",NULL,"51.129914","0.260206"
"620","0","The Courthouse","Cresent Road",NULL,NULL,NULL,NULL,"341",NULL,,
"621","0","The Law Courts","Abbey Buildings","Beaumont Street",NULL,"NE46 3NB","DX 68720 Hexham","162",NULL,"54.97142","-2.103147"
"622","0","501 Uxbridge Road",NULL,NULL,NULL,"UB4 8HL","DX 44658 Hayes (Middlesex)","157",NULL,"51.522249","-0.421477"
"623","0","The Court House","Harefield Road",NULL,NULL,"UB8 1PQ","DX 149720 Uxbridge 4","342",NULL,"51.54966","-0.481668"
"624","0","Thompson Street",NULL,NULL,NULL,"CF63 4SX",NULL,"24",NULL,"51.404359","-3.269483"
"625","0","The Court House","Chester Way",NULL,NULL,"CW9 5ES",NULL,"246",NULL,"53.260357","-2.510921"
"626","0","Crown House","127 Kirkgate",NULL,NULL,"WF1 1JW","DX 703040 Wakefield 3","343",NULL,"53.679516","-1.49177"
"627","0","The Court House","Cliff Parade",,,"WF1 2TW","DX 743910 Wakefield 20","343","WF1 2TW","53.683982","-1.502269"
"628","0","Stafford Street",NULL,NULL,NULL,"WS2 8HA","DX 12118 Walsall 1","345",NULL,"52.58909","-1.985639"
"629","0","Bridge House","Bridge Street",NULL,NULL,"WS1 1JQ","DX 701943 Walsall 2","345",NULL,"52.584728","-1.977656"
"630","0","The Court House","1 Farnan Avenue",,,"E17 4NX","DX 157540 Bow 3","346",NULL,"51.590692","-0.014786"
"631","0","76-78 Upper Richmond Road",NULL,NULL,NULL,"SW15 2SU","DX 97540 Putney 2","270",NULL,"51.45938","-0.209626"
"632","0","The Courthouse","Church Street",NULL,NULL,"OX12 8EQ",NULL,"347",NULL,"51.587755","-1.427198"
"633","0","The Court House","Worgret Road",,,"BH20 4PL",,"348",NULL,"50.6837","-2.11431"
"634","0","The Court House","Oldbury Ringway",,,"B69 4JN","DX 741360 Oldbury 5","251",NULL,"52.502221","-2.011359"
"635","0","Law Courts","Legh Street",NULL,NULL,"WA1 1UR","DX 702501 Warrington 3","349",NULL,"53.390618","-2.59882"
"636","0","Arpley Street",NULL,NULL,NULL,"WA1 1LQ",NULL,"349","WA1 1LQ","53.386265","-2.60097"
"637","0","Northgate South Side",NULL,NULL,NULL,"CV34 4RB","DX 701964 Warwick 2","350",NULL,"52.282727","-1.589689"
"638","0","3rd Floor","Cassiobury House","11-19 Station Road",,"WD17 1EZ","DX 122740 Watford 5","351",NULL,"51.663675","-0.398797"
"639","0","Clarendon Road",NULL,NULL,NULL,"WD17 1ST","DX 51509 Watford 2","351",NULL,"51.661808","-0.397691"
"640","0","Lothersdale House","West Villa Road",NULL,NULL,"NN8 4NF","DX 701883 Wellingborough 2","352",NULL,"52.301748","-0.699224"
"641","0","The Court House","Midland Road",NULL,NULL,"NN8 1HF","DX 151720 Northampton 27","352",NULL,"52.301573","-0.689109"
"642","0","Town Hall",NULL,NULL,NULL,"BA5 2RB",NULL,"353",NULL,"51.209277","-2.644641"
"643","0","The Mansion House","24 Severn Street",NULL,NULL,"SY21 7UX","DX 702524 Welshpool 2","354",NULL,"52.65896","-3.146222"
"644","0","Mansion House","24 Severn Street",,,"SY21 7UX","DX 702535 Welshpool 2","354",NULL,"52.65896","-3.146222"
"646","0","Law Courts","Lombard Street West",NULL,NULL,"B70 8ED",NULL,"355",NULL,"52.519985","-1.997893"
"647","0","West London Courthouse",,"181 Talgarth Road","Hammersmith","W6 8DN","DX 97550 Hammersmith 8","206",NULL,"51.490761","-0.219474"
"648","0","181 Talgarth Road",NULL,NULL,NULL,"W6 8DN","DX 124800 Hammersmith 8","206",NULL,"51.490761","-0.219474"
"649","0","St John's Road",,,,"TA1 4AX","DX 122473 Taunton 7","328",NULL,"51.014297","-3.10967"
"650","0","North Somerset Courthouse","The Hedges","St Georges",,"BS22 7BB","DX 152361 Weston super Mare 5","357",NULL,"51.360792","-2.905806"
"651","0","North Somerset Courthouse","The Hedges","St Georges",,"BS22 7BB","DX 152361 Weston super Mare 5","357",NULL,"51.360765","-2.905959"
"652","0","P.O. Box 97","Westgate",NULL,NULL,"LS1 3AP",NULL,"195","LS1 3AP","53.800354","-1.553198"
"653","0","Westwey House","Westwey Road",NULL,NULL,"DT4 8TE","DX 98820 Weymouth 3","358",NULL,"50.607682","-2.46007"
"654","0","The Law Courts","Westwey Road",NULL,NULL,"DT4 8BS","DX 98820 Weymouth 3","358",NULL,"50.608402","-2.460105"
"656","0","Old Town Hall","Duke Street",NULL,NULL,"CA28 7NU","DX 63990 Whitehaven 2","360",NULL,"54.548204","-3.584117"
"657","0","Catherine Street",NULL,NULL,NULL,NULL,NULL,"360",NULL,"54.544","-3.58774"
"658","0","The Court House","Kingsway",,,"WA8 7QL",,"361",NULL,"53.3645","-2.73152"
"659","0","Wigan and Leigh Courthouse","Darlington Street",,,"WN1 1DW","DX 724820 Wigan 9","362",NULL,"53.543083","-2.626686"
"661","0","9 Acton Lane",NULL,NULL,NULL,"NW10 8SB","DX 97560 Harlesden 2","149",NULL,"51.535391","-0.248806"
"662","0","The Court House","Alexandra Road",,,"SW19 7JP","DX 58559 Clapham Junction","363",NULL,"51.423633","-0.203601"
"663","0","The Law Courts","Hanham Road",NULL,NULL,"BH21 1JW",NULL,"364",NULL,"50.7999","-1.98439"
"664","0","Winchester Combined Court","The Law Courts",NULL,NULL,"SO23 9EL","DX 98520 Winchester 3","365",NULL,"51.062549","-1.319369"
"665","0","4th Floor","Cromwell House","Andover Road",NULL,"SO23 7EW","DX 96900 Winchester 2","365",NULL,"51.068092","-1.318502"
"666","0","Chester Street",NULL,NULL,NULL,"CH41 5HW","DX 17888 Birkenhead","36",NULL,"53.393057","-3.013581"
"667","0","The Court House","Lynn Road",,,"PE13 3DE",,"366",NULL,"52.667693","0.159986"
"668","0","The Court House","Newland Street",NULL,NULL,"CM8 2AS",NULL,"367",NULL,"51.802562","0.644571"
"669","0","The Court House","Welch Way",,,"OX28 6JH",,"368",NULL,"51.78634","-1.49398"
"670","0","The Court House","Station Approach",,,"GU22 7YL",,"369",NULL,"51.316608","-0.558539"
"671","0","Pipers Row",NULL,NULL,NULL,"WV1 3LQ","DX 702019 Wolverhampton 4","370",NULL,"52.584361","-2.122132"
"672","0","The Law Courts","North Street",NULL,NULL,"WV1 1RA","DX 10419","370",NULL,"52.586168","-2.130417"
"673","0","Woodall House","Lordship Lane",NULL,NULL,"N22 5LF","DX 130346 Wood Green 3","371",NULL,"51.599095","-0.104275"
"675","0","165 Powis Street",NULL,NULL,NULL,"SE18 6JW","DX 123450 Woolwich 8","372",NULL,"51.492636","0.061825"
"676","0","2 Belmarsh Road",,,,"SE28 0EY","DX 117650 Woolwich 7","206",NULL,"51.496496","0.090137"
"677","0","Market Street",NULL,NULL,NULL,"SE18 6QY",NULL,"372",NULL,"51.4895","0.065725"
"678","0","The Shirehall","Foregate Street",NULL,NULL,"WR1 1EQ","DX 721120 Worcester 11","373",NULL,"52.196949","-2.221883"
"679","0","Castle Street",,,,"WR1 3QZ",,"373",NULL,"52.196927","-2.224326"
"680","0","Hall Park","Ramsey Brow",,,"CA14 4AS","DX 743420 Workington 5","374",NULL,"54.643979","-3.542356"
"681","0","The Court House","30 Potter Street",,,"S80 2AJ","DX 743240 Worksop 4","375",NULL,"53.301973","-1.122231"
"682","0","The Court House","30 Potter Street",,,"S80 2AJ","DX 702180 Mansfield 3","375",NULL,"53.30077","-1.126052"
"683","0","The Law Courts","Christchurch Road",NULL,NULL,"BN11 1JD","DX 98230 Worthing 4","376",NULL,"50.814052","-0.37404"
"684","0","The Law Courts","Christchurch Road",,,"BN11 1JE","DX 98233 Worthing4","376",NULL,"50.814052","-0.37404"
"686","0","Wrexham Law Courts","Bodhyfryd",,,"LL12 7BP","DX 745320 Wrexham 9","377",NULL,"53.04846","-2.989528"
"689","0","22 Hendford",NULL,NULL,NULL,"BA20 2QD","DX 98830 Yeovil 2","379",NULL,"50.940552","-2.63501"
"691","0","Piccadilly House","55 Piccadilly",NULL,NULL,"YO1 9WL","DX 65165, York 4","380",NULL,"53.954681","-1.076368"
"692","0","The Castle",NULL,NULL,NULL,"YO1 9WZ","DX 65162 York 3","380",NULL,"53.955047","-1.079454"
"693","0","Law Courts","Clifford Street",,,"YO1 9RE","DX 744330 York 41","380",NULL,"53.956412","-1.081891"
"694","0","Picadilly House","55 Piccadilly",,,"YO1 9WL",,"380",NULL,"53.954681","-1.076368"
"866","0","The Royal Courts of Justice","Strand",,,"WC2A 2LL","DX 44450 Strand","206","WC2A 2LL","51.514143","-0.113742"
"868","0","Administrative Court Office","The Royal Courts of Justice","Strand",,"WC2A 2LL","DX 44450 RCJ / Strand","206","WC2A 2LL","51.514143","-0.113742"
"869","0","The Royal Courts of Justice,","Strand,",,,"WC2A 2LL","DX 44450 Strand","206","WC2A 2LL","51.514143","-0.113742"
"871","0","The Royal Courts of Justice","Strand",,,"WC2A 2LL","DX 44450 Strand","206","WC2A 2LL","51.514143","-0.113742"
"872","0","Criminal Appeal Office","The Royal Courts of Justice","Strand",,"WC2A 2LL","DX 44451 Strand","206","WC2A 2LL","51.514143","-0.113742"
"873","0","The Royal Courts of Justice","Strand",,,"WC2A 2LL","DX 44450 Strand","206","WC2A 2LL","51.514143","-0.113742"
"874","0","The Royal Courts of Justice,","Strand,",,,"WC2A 2LL","DX 44450 Strand","206","WC2A 2LL","51.514143","-0.113742"
"875","0","The Royal Courts of Justice","Strand",,,"WC2A 2LL","DX 44450 Strand","206","WC2A 2LL","51.514143","-0.113742"
"876","0","Cliffords Inn","Fetter Lane",,,"EC4A 1DQ","DX 44454 Strand","206",NULL,"51.514653","-0.110219"
"877","0","St. Dunstan's House","133-137 Fetter Lane",NULL,NULL,"EC4A 1HD","DX 44450 Strand","206","EC4A 1HD","51.5153","-0.1095"
"879","0","The Royal Courts of Justice","Strand",,,"WC2A 2LL",NULL,"206","WC2A 2LL","51.514143","-0.113742"
"880","0","Rolls Building","7 Rolls Buildings","Fetter Lane",,"WC2A 2LL","DX 44450 Strand","206","WC2A 2LL","51.514143","-0.113742"
"881","0","First Avenue House","42-49 High Holborn",,,"WC1V 6NP","DX 160010 Kingsway 7","206","WC1V 6NP","51.518436","-0.114516"
"882","0","5th Floor","St Katharine's House","21-27 St Katharine's Street",,"NN1 2LH","DX 702885 Northampton 7","245","NN1 2LH","52.237302","-0.899965"
"883","0","4th Floor","St Katharine's House","21-27 St Katharine's Street",,"NN1 2LH","DX 702885 Northampton 7","245","NN1 2LH","52.237302","-0.899965"
"884","0","4th Floor","St Katharine's House","21-27 St Katharine's Street",,"NN1 2LH","DX 702885 Northampton 7","245","NN1 2LH","52.237302","-0.899965"
"885","0","5th Floor","St Katharine's House","21-27 St Katharine's Street",,"NN1 2LH","DX 702885 Northampton 7","245","NN1 2LH","52.237302","-0.899965"
"886","0","2nd Floor","St Katharine's House","21-27 St Katharine's Street",,"NN1 2LH","DX 702885 Northampton 7","245","NN1 2LH","52.237302","-0.899965"
"888","0","Strand",,,,"WC2A 2LL","DX 44450 Strand","206","WC2A 2LL","51.514143","-0.113742"
"890","0","Cramic Way",NULL,NULL,NULL,"SA13 1RU",NULL,"266",NULL,"51.592466","-3.78348"
"892","0","The County Hall",NULL,NULL,NULL,NULL,NULL,"109",NULL,"52.7438","-3.8835"
"893","0","Town Hall Square",NULL,NULL,NULL,"SA15 3AW","DX 99512 Llanelli 2","204",NULL,"51.682114","-4.163127"
"894","0","Town Hall",,,,"SY2 7TQ",,"354",NULL,"52.7048586","-2.7310971"
"895","0","Crown Court Building","90 Wellington Street",NULL,NULL,"LE1 6HG","DX 17403 Leicester3","196","LE1 6HG","52.630053","-1.127105"
"896","0","1 Edward Street",NULL,NULL,NULL,"BN2 0JD","DX 142600 Brighton 12","57","BN2 0JD","50.822983","-0.135443"
"897","0","The Law Courts","Altyre Road",NULL,NULL,"CR9 5AB","DX 97473 Croydon 6","98","CR9 5AB","51.373338","-0.09215"
"898","0","P.O. Box 166","Henry Square",,,"OL6 7TP","DX 702625 Ashton-under-Lyne 2","14","OL6 7TP","53.485575","-2.102121"
"899","0","P.O. Box 429",NULL,NULL,NULL,"OX16 9PR",NULL,"17","OX16 9PR","52.05843","-1.341317"
"900","0","The Court House","Margaret Street",,,"SA18 2NP",,"384",NULL,"51.7939","-3.98679"
"901","0","Penffynnon","(Rackhill Terrace)","Hawthorn Rise",,"SA61 2AX","DX 99610 Haverfordwest 2","156","SA61 2AX","51.801481","-4.981624"
"902","0","The Court House","184 - 186 Deansgate",NULL,NULL,"M3 3WB",NULL,"218","M3 3WB","53.479201","-2.249303"
"903","0","The Guildhall","Guildhall Square",,,"SA31 1PR",,"74","SA31 1PR","51.856169","-4.307628"
"904","0","Swyddfa'r Sir","Marine Terrace",,,"SY23 2DE","DX 99560 Aberystwyth 2","5",NULL,"52.420167","-4.084479"
"905","0","Court House","Priory Street",,,"SA43 1BZ",,"385",NULL,"52.083343","-4.659705"
"906","0","35 Vernon Street",NULL,NULL,NULL,"L2 2BX","DX 702600 Liverpool 5","202","L2 2BX","53.409329","-2.989747"
"907","0","P.O. Box 622",NULL,NULL,NULL,"TA1 4WE",NULL,"328","TA1 4WE","51.007257","-3.11613"
"908","0","HMCTS","Central Accounts Dept","P.O. Box 480",,"BS23 9BE",,"357","BS23 9BE","51.360719","-2.906002"
"909","0","P.O. Box 88","Law Courts","Mary Road",NULL,"GU1 4GB","DX 97866 Guildford 5","144",NULL,"51.239495","-0.574474"
"910","0","P.O. Box 470","Law Courts","Mary Road",NULL,"GU1 4GB","DX 97866 Guildford 5","144",NULL,"51.239495","-0.574474"
"911","0","Boundary Street",,,,"L5 2QD","DX 730120 Kirkdale","202",NULL,"53.425575","-2.985154"
"912","0","Rookery Lane","Aldridge","Walsall",,"WS9 8NR",,"345",NULL,NULL,NULL
"913","0","Fixed Penalty Office","P O Box 431",,,"SO23 7XF",,"365",NULL,NULL,NULL
"914","0","Fixed Penalty Office","P.O. Box 431",,,"SO23 7XF",,"365",NULL,NULL,NULL
"915","0","Boundary Street",,,,"L5 2QD","730120 Kirkdale","202",NULL,"53.425583","-2.985128"
"916","0","Priory Place","New London Road",,,"CM2 0PP","DX 97660 Chelmsford 4","77",NULL,"51.730138","0.471338"
"917","0","Walden Road",NULL,NULL,NULL,"PE29 3DW",NULL,"176",NULL,"52.331629","-0.185974"
"918","0","Manchester Civil Justice Centre","1 Bridge Street West",,,"M60 9DJ","DX 724783 Manchester 44","218",NULL,"53.480761","-2.252476"
"919","0","Manchester Civil Justice Centre","Ground Floor","1 Bridge Street West","P.O. BOX 4240","M60 1WJ","DX 724784 Manchester 44","218",NULL,"53.480761","-2.252476"
"920","0","Fixed Penalty Office","P.O. Box 76",,,"PL1 2YN",,"261",NULL,NULL,NULL
"921","0","Rookery Lane","Aldrdige",,,"WS9 8NR",,"345",NULL,"52.609563","-1.913252"
"922","0","The Guildhall","Small Street",,,,,"58",NULL,NULL,NULL
"923","0","The Guildhall","Small Street",,,,,"58",NULL,NULL,NULL
"924","0","The Guildhall","Small Street",,,,,"58",NULL,NULL,NULL
"925","0","60 Pinfold Gate",,,,"LE11 1AZ","DX 716116 Loughborough 4","208",NULL,"52.771708","-1.202193"
"926","0","Llandrindod Wells Justice Centre","Noyadd Parks",NULL,NULL,"LD1 6BG",,"382",NULL,"52.241420","-3.380967"
"927","0","Durham County Court","Civil and Family Justice Centre","Green Lane","Old Elvet","DH1 3RG","DX 65115 Durham 5","115",NULL,"54.773774","-1.565852"
"928","0","2nd Floor","Chester Civil Justice Centre","Trident House","Little St John Street","CH1 1RE","DX 702470 Chester 18","81",NULL,NULL,NULL
"929","0","Comet Way","Hatfield","Hertfordshire",,"AL10 9SJ",,"206",NULL,NULL,NULL
"930","0","Archway Tower","2 Junction Road",,,"N19 5SZ","141150 Archway 2","206",NULL,,
"931","0","Chester Civil Justice Centre","Trident House","Little John Street",,"CH1 1SN","DX 702470 Chester 18","81",NULL,"53.404169","-2.98778"
"932","0","Salisbury Law Courts","Wilton Road",,,"SP2 7EP","DX 98500 Salisbury 2","287",NULL,"51.073181","-1.810116"
"933","0","Sussex Central Fines Unit","P.O. Box 2989","Brighton",,"BN2 0TF","DX 153460 Brighton 17","57",NULL,NULL,NULL
"934","0","Shire Hall","3 St Paul's Square",,,"MK40 1SQ","DX 97590 Bedford 11","29",NULL,"52.135029","-0.467881"
"935","0","Crown & Jerome Buildings","57-71 Victoria Street",,,"L1 6DE",,"202",NULL,"53.408284","-2.984397"
"936","0","First Floor","The Magistrates' Court","Culverland Road","Trevecca","PL14 6RF",,"201",NULL,NULL,NULL
"937","0","P.O. Box 4372","Manchester City Magistrates' Court","Crown Square",,"M61 0EQ",,"218",NULL,NULL,NULL
"938","0","The Court House","Halton Lea",,,"WA7 2HA",,"284",NULL,"53.329038","-2.696186"
"939","0","Bristol Civil Justice Centre","2 Redcliff Street",,,"BS1 6GR","DX 95903 Bristol 3","58",NULL,"51.452174","-2.590649"
"940","0","Wigan and Leigh Courthouse","Darlington Street",,,"WN1 1DW","DX 724820 Wigan 9","362",NULL,"53.543083","-2.626686"
"941","0","2 Redcliff Street",NULL,NULL,NULL,"BS1 6GR","DX 94400 Bristol 5","58",NULL,"51.452174","-2.590649"
"942","0","Sessions House","Lancaster Road",,,"PR1 2PD","DX 702660 Preston 5","269",NULL,,
"943","0","Contact and Compliance Centre","P.O. Box 84",,,"NP44 1ZP",,"100",NULL,,
"944","0","The Court House","Grove Road",,,"LL16 3UU",,"104",NULL,NULL,NULL
"945","0","Port Talbot Justice Centre","Harbourside Road",,,"SA13 1SB",,"266",NULL,,
"946","0","Warwickshire Justice Centre","Newbold Terrace",,,"CV32 4EL","DX 701964 Leamington 7","194",NULL,"52.28837","-1.533223"
"947","0","The Law Courts","Civic Centre",,,"EX31 1DZ","DX 98560 Barnstaple 2","22",NULL,NULL,NULL
"948","0","York House","31 York Place",,,"LS1 2BA","DX 26451 Leeds Park Square","195",NULL,"53.797104","-1.552151"
"949","0","National Taxing Team Birmingham Region","3rd Floor","Temple Court","35 Bull Street","B4 6LG","DX 701991 Birmingham 7","37",NULL,NULL,NULL
"950","0","National Taxing Team Manchester Region","1st Floor","Manchester Civil Justice Centre","1 Bridge Street West","M5 4RR","DX 702633 Salford 5","286",NULL,NULL,NULL
"951","0","Main Road",,,,"RM1 3BH","DX 743412 Romford 15","280",NULL,NULL,NULL
"952","0","Launceston Road",NULL,NULL,NULL,"PL31 2AL",NULL,"43",NULL,"50.469293","-4.707295"
"953","0","Grimsby Combined Court","Town Hall Square",NULL,NULL,"DN31 1HX","DX 702007 Grimsby 3","143",NULL,"53.564843","-0.08224"
"1000","1",NULL,NULL,NULL,NULL,NULL,NULL,"1000",NULL,NULL,NULL
"1001","1","The Law Courts","Glebeland Place",,,"CF47 8BH","DX 99582 Merthyr Tydfil 2","224",NULL,NULL,NULL
"1002","1","The Law Courts","Glebeland Place",,,"CF47 8BH","DX 99582 Merthyr Tydfil 2","224",NULL,NULL,NULL
"1003","1","HMCTS Gwent","P.O. Box 83",,,"NP44 1ZW","DX 43665 Cwmbran","100",NULL,NULL,NULL
"1004","1","Aberaeron Magistrates' Court Office","21 Alban Square",,,"SA46 0DB",,"1",NULL,NULL,NULL
"1005","1","The Court House","Northgate",,,"BB2 1AA","DX 742020 Blackburn 10","39",NULL,NULL,NULL
"1006","1","84-86 Victoria Road",,,,"GU11 1SS","DX 98530 Aldershot 2","7",NULL,NULL,NULL
"1007","1","Stafford Street",,,,"WS2 8HA",,"345",NULL,NULL,NULL
"1008","1","The Court House","Civic Centre",,,"GU11 1NY","DX 145110 Aldershot 4","7",NULL,NULL,NULL
"1009","1","Town Hall Square",,,,"SA15 3AW","DX 99512 Llanelli 2","204",NULL,NULL,NULL
"1010","1","The Court House","Civic Centre",,,"GU11 1NY","DX 145110 Aldershot 4","7",NULL,NULL,NULL
"1011","1","Pencester Road",,,,"CT16 1BS",,"113",NULL,NULL,NULL
"1012","1","176a Lavender Hill",,,,"SW11 1JU","DX 58559 Clapham Junction.","28",NULL,NULL,NULL
"1013","1","850 Cranbrook Road",,,,"IG6 1HW",,"1004",NULL,NULL,NULL
"1014","1","Court Administration Centre","P.O. Box 10754",,,"CM1 9PZ","DX 151020 Chelmsford 17","77",NULL,NULL,NULL
"1015","1","Civic Centre",,,,"GU11 1NY","DX 145110 Aldershot 4","7",NULL,NULL,NULL
"1016","1","P.O. Box 4302","North Parade Road",,,"BA1 0LF",,"27",NULL,NULL,NULL
"1017","1","P.O. Box 1405",,,,"MK40 9DN","DX 97590 Bedford 11","29",NULL,NULL,NULL
"1018","1","9 Blackheath Road",,,,"SE10 8PE","DX 156800 Bromley","1002",NULL,NULL,NULL
"1019","1","The Court House","London Road",,,"BR1 1RA","DX 156800 Bromley","59",NULL,NULL,NULL
"1020","1","The Court House","Speedwell Street",,,"OX1 1RZ","DX 96452 Oxford 4","255",NULL,NULL,NULL
"1021","1","Bodmin Law Courts","Launceston Road",,,"PL31 2AL","DX 136847 Bodmin 2","43",NULL,NULL,NULL
"1022","1","Bodmin Law Courts","Launceston Road",,,"PL31 2AL","DX 136847 Bodmin 2","43",NULL,NULL,NULL
"1023","1","The Court House","Park Avenue",,,"PE25 1BH","DX 743030 Skegness 3","296",NULL,NULL,NULL
"1024","1","The Tyris",,,,"BD1 1LA",,"50",NULL,NULL,NULL
"1025","1","West Group Administration Centre","181 Talgarth Road",,,"W6 8DN","DX 124800 Hammersmith 8","1003",NULL,NULL,NULL
"1026","1","The Magistrates' Court","St John's Road",,,"TA1 4AX","DX 122473 Taunton 7","328",NULL,NULL,NULL
"1027","1","Comberton Place",,,,"DY10 1QQ",,"187",NULL,NULL,NULL
"1028","1","Southern Courts and Administration Centre","South Walls",,,"ST16 3DW",,"311",NULL,NULL,NULL
"1029","1","Elm Street",,,,"IP1 2AP","DX 3232 Ipswich","180",NULL,NULL,NULL
"1030","1","Morledge",,,,"DE1 2XE","DX 724060 Derby 21","105",NULL,NULL,NULL
"1031","1","The Law Courts",,,,"CH7 1AE","DX 702521 Mold 2","229",NULL,NULL,NULL
"1032","1","HMCTS Gwent","P.O. Box 83",,,"NP44 1ZW","DX 43665 Cwmbran","100",NULL,NULL,NULL
"1033","1","The Court House","Bridge Street",,,"PE1 1ED","DX 742250 Peterborough 23","258",NULL,NULL,NULL
"1034","1","Southern Courts and Administration Centre","South Walls",,,"ST16 3DW",,"311",NULL,NULL,NULL
"1035","1","Pencester Road",,,,"CT16 1BS",,"113",NULL,NULL,NULL
"1036","1","Aberaeron Magistrates' Court Office","21 Alban Square",,,"SA46 0DB",,"1",NULL,NULL,NULL
"1037","1","The Hearing Centre","Hill House","Picton Terrace",,"SA31 3BS",,"74",NULL,NULL,NULL
"1038","1","The Law Courts","St Helen's Road",,,"SA1 4PF","DX 99540 Swansea 4","325",NULL,NULL,NULL
"1039","1","Town Hall Square",,,,"SA15 3AW","DX 99512 Llanelli 2","204",NULL,NULL,NULL
"1040","1","Court Administration Centre","PO Box 10754",,,"CM1 9PZ","DX 151020 Chelmsford 17","77",NULL,NULL,NULL
"1041","1","Kimbrose","Way",,,"GL1 2DE","DX 98660 Gloucester 5T","136",NULL,NULL,NULL
"1042","1","HMCTS","P.O. Box 9051",,,"GL1 2XG",,"136",NULL,NULL,NULL
"1043","1","The Law Courts","Christchurch Road",,,"BN11 1JE","DX 98233 Worthing 4","376",NULL,NULL,NULL
"1044","1","181 Marylebone Road",,,,"NW1 5BR","DX 120551 Marylebone 9","206",NULL,NULL,NULL
"1045","1","60 Pinfold Gate",,,,"LE11 1AZ","DX 716116 Loughborough 4","208",NULL,NULL,NULL
"1046","1","Court Administration Centre","PO Box 10754",,,"CM1 9PZ","DX 151020 Chelmsford 17","77",NULL,NULL,NULL
"1047","1","Newcastle Road",,,,"DH3 3UA","DX 721663 Chester-le-Street 2","83",NULL,NULL,NULL
"1048","1","The Courthouse","Clwyd Street",,,"LL18 3LA","DX 702489 Rhyl 2","277",NULL,NULL,NULL
"1049","1","Regent's Pavilion","Summerhouse Road",,,"NN3 6AS","DX 151720 Northampton 27","231",NULL,NULL,NULL
"1050","1","Brighton Magistrates Court","Edward Street",,,"BN2 0LG","DX 153460 Brighton 17","57",NULL,NULL,NULL
"1051","1","HMCTS Gwent","P.O. Box 83",,,"NP44 1ZW","DX 43665 Cwmbran","100",NULL,NULL,NULL
"1052","1","Central Avenue",,,,"DL5 5RT","DX 63808 Newton Aycliffe","241",NULL,NULL,NULL
"1053","1","The Court House","The Brook",,,"ME4 4JZ.",,"76",NULL,NULL,NULL
"1054","1","The Court House","Conwy Road",,,"LL30 1GA","DX 11365 Llandudno","203",NULL,NULL,NULL
"1055","1","The Law Courts",,,,"CH7 1AE","DX 702521 Mold 2","229",NULL,NULL,NULL
"1056","1","Llanberis Road",,,,"LL55 2DF","DX 744382 Caernarfon 6","65",NULL,NULL,NULL
"1057","1","Newcastle Road",,,,"DH3 3UA","DX 721663 Chester-le-Street 2","83",NULL,NULL,NULL
"1058","1","448 High Road",,,,"NW10 2DZ","DX 110850 Willesden 2","206",NULL,NULL,NULL
"1059","1","Law Courts","Chalvey Park","Off Windsor Road",,"SL1 2HJ","DX 98033 Slough 3","299",NULL,NULL,NULL
"1060","1","Law Courts","Chalvey Park","Off Windsor Road",,"SL1 2HJ","DX 98033 Slough 3","299",NULL,NULL,NULL
"1061","1","The Law Courts","Old Orchard Road",,,"BN21 4UN",,"117",NULL,NULL,NULL
"1062","1","The Law Courts","Horntye Park","Bohemia Road",,"TN34 1ND",,"155",NULL,NULL,NULL
"1063","1","North London Administration Centre","P.O. Box 52693",,,"N7 1AF","DX 51855 Highbury","206",NULL,NULL,NULL
"1064","1","Court Administration Centre","Osprey House","Hedgerows Business Park","Colchester Road,  Springfield","CM2 5PF",,"77",NULL,NULL,NULL
"1065","1","The Shirehall","Foregate Street",,,"WR1 1EQ","DX 721120 Worcester 11","373",NULL,NULL,NULL
"1066","1","Southernhay Gardens",,,,"EX1 1HU","DX 98440 Exeter 2","124",NULL,NULL,NULL
"1067","1","448 High Road",,,,"NW10 2DZ","DX 110850 Willesden 2","206",NULL,NULL,NULL
"1068","1","Civic Centre","Chapel Street",,,"FY1 5DQ",,"40",NULL,NULL,NULL
"1069","1","Pencester Road",,,,"CT16 1BS",,"113",NULL,NULL,NULL
"1070","1","P.O. Box 9051",,,,"GL1 2XG","DX 98665 Gloucester 5","136",NULL,NULL,NULL
"1071","1","HMCTS","P.O. Box 9051",,,"GL1 2XG",,"136",NULL,NULL,NULL
"1072","1","Court Administration Centre","Bishopgate",,,"NR3 1UP","DX 97389 Norwich 5","247",NULL,NULL,NULL
"1073","1","The Court House","London Road",,,"BR1 1RA","DX 156800 Bromley","59",NULL,NULL,NULL
"1074","1","P.O. Box 32","Harrison Road",,,"HX1 2AN",,"148",NULL,NULL,NULL
"1075","1","North London Administration Centre","P.O. Box 52693",,,"N7 1AF","DX 51855 Highbury","206",NULL,NULL,NULL
"1076","1","Court Administration Centre","P.O. Box 10754",,,"CM1 9PZ","DX 151020 Chelmsford 17","77",NULL,NULL,NULL
"1077","1","North West London Administration Centre","448 High Road",,,"NW10 2DZ","DX 110850 Willesden 2","206",NULL,NULL,NULL
"1078","1","Court Administration Centre","Osprey House","Hedgerows Business Park","Colchester Road,  Springfield","CM2 5PF",,"77",NULL,NULL,NULL
"1079","1","Clarendon Road",,,,"WD17 1ST","DX 51509 Watford 2","351",NULL,NULL,NULL
"1080","1","850 Cranbrook Road","Barkingside",,,"IG6 1HW",,"178",NULL,NULL,NULL
"1081","1","The Court House","Clarendon Road",,,"WD17 1ST","DX 51509 Watford 2","351",NULL,NULL,NULL
"1082","1","The Law Courts","Windsor Road",,,"SL1 2HE","DX 98030 Slough 3","299",NULL,"51.507426","-0.598103"
"1083","1","North London Admin Centre","P.O. Box 52693",,,"N7 1AF","DX 153700 Highbury 4","206",NULL,NULL,NULL
"1084","1","60 Pinfold Gate",,,,"LE11 1AZ","DX 716116 Loughborough 4","208",NULL,NULL,NULL
"1085","1","Llanberis Road",,,,"LL55 2DF","DX 744382 Caernarfon 6","65",NULL,NULL,NULL
"1086","1","Horsham Family Proceedings Court","Horsham County Court","Hurst Road",,"RH12 2EU",,"171",NULL,NULL,NULL
"1087","1","P.O. Box B37","The Court House","Civic Centre",,"HD1 2NH.",,"174",NULL,NULL,NULL
"1088","1","Crown Buildings","Rivergate",,,"PE1 1EJ","DX 702302 Peterborough 8","258",NULL,NULL,NULL
"1089","1","Yorkshire Bank Chambers","North Street",,,"BD21 3SH",,"184",NULL,NULL,NULL
"1090","1","Regent's Pavilion","Summerhouse Road",,,"NN3 6AS","DX 151720 Northampton 27","231",NULL,NULL,NULL
"1091","1","PO Box 5566","Comberton Place",,,"DY11 9BE",,"187",NULL,NULL,NULL
"1092","1","Bishopgate",,,,"NR3 1UP","DX 97389 Norwich 5","247",NULL,NULL,NULL
"1093","1","The Court House","Corporation Street",,,"WA10 1SZ","DX 19488 St. Helens","310",NULL,NULL,NULL
"1094","1","The Castle",,,,"CH1 2AN","DX 702527 Chester 5","81",NULL,NULL,NULL
"1095","1","The Law Courts","Openshaw Place","Ring Way",,"PR1 2LL","DX 702660 Preston 5","269",NULL,NULL,NULL
"1096","1","107 Dale Street",,,,"L2 2JQ","DX 707900 Liverpool 8","202",NULL,NULL,NULL
"1097","1","Brecon Law Courts","Cambrian Way",,,"LD3 7HR","DX 124340 Brecon 2","51",NULL,NULL,NULL
"1098","1","The Court House","Conwy Road",,,"LL30 1GA","DX 11365 Llandudno","203",NULL,NULL,NULL
"1099","1","The Law Courts","Bishopgate",,,"NR3 1UR","DX 97385 Norwich 5","247",NULL,NULL,NULL
"1100","1","Criminal and Youth Court","Elm Street",,,"IP1 2AP",,"180",NULL,NULL,NULL
"1101","1","Telford Square","Malinsgate","Town Centre",,"TF3 4JP","DX 701976 Telford 3","329",NULL,NULL,NULL
"1102","1","The Law Courts","Civic Centre",,,"CW1 2DT",,"96",NULL,NULL,NULL
"1103","1","Pencester Road",,,,"CT16 1BS",,"113",NULL,NULL,NULL
"1104","1","15 Pocklingtons Walk",,,,"LE1 6BT","DX 10828 Leicester 1","196",NULL,NULL,NULL
"1105","1","60 Pinfold Gate",,,,"LE11 1AZ","DX 716116 Loughborough 4","208",NULL,NULL,NULL
"1106","1","Bodhyfryd",,,,"LL12 7BP","DX 745320 Wrexham 9","377",NULL,NULL,NULL
"1107","1","North Staffordshire Administration Centre","Baker Street",,,"ST4 3BX","DX 700402 Fenton","127",NULL,NULL,NULL
"1108","1","P.O. Box 839","Market Street",,,"NE99 1AU",,"237",NULL,NULL,NULL
"1109","1","HMCTS Gwent","P.O. Box 83",,,"NP44 1ZW","DX 43665 Cwmbran","100",NULL,NULL,NULL
"1110","1","HMCTS South Devon","Nicholson Road",,,"TQ2 7AZ",,"334",NULL,NULL,NULL
"1111","1","Merton Road",,,,"L20 3XX","DX 707620 Bootle 3","45",NULL,NULL,NULL
"1112","1","Regent's Pavilion","Summerhouse Road",,,"NN3 6AS","DX 151720 Northampton 27","231",NULL,NULL,NULL
"1113","1","Warwickshire Justice Centre","P.O. Box 3878","Vicarage Street",,"CV11 4WX.",,"249",NULL,NULL,NULL
"1114","1","The Court House","St Thomas's Square",,,"PR7 1RZ",,"86",NULL,NULL,NULL
"1115","1","Cambrian Business Centre","Chester Street",,,"SY1 1NA","DX 702047 Shrewsbury 3","294",NULL,NULL,NULL
"1116","1","Courts of Justice","Earl Street",,,"CA1 1DJ","DX 65331 Carlisle 2","73",NULL,NULL,NULL
"1117","1","Courts of Justice","Edward Street",,,"TR1 2PB","DX 135396 Truro 2","340",NULL,NULL,NULL
"1118","1","Newcastle Road",,,,"DH3 3UA","DX 721663 Chester-le-Street 2","83",NULL,NULL,NULL
"1119","1","8 Hall Street",,,,"NP12 1NY","DX 99470 Blackwood 2","41",NULL,NULL,NULL
"1120","1","Fairfield Way",,,,"SA11 1RF",,"232",NULL,NULL,NULL
"1121","1","The Law Courts","Openshaw Place","Ring Way",,"PR1 2LL","DX 702660 Preston 5","269",NULL,NULL,NULL
"1122","1","Llanberis Road",,,,"LL55 2DF","DX 744382 Caernarfon 6","65",NULL,NULL,NULL
"1123","1","The Court House","Parker Lane",,,"BB11 2BS",,"60",NULL,NULL,NULL
"1124","1","South West Administration Centre","176a Lavender Hill",,,"SW 11 1JU","DX 58559 Clapham Junction","28",NULL,NULL,NULL
"1126","1","The Law Courts","Legh Street",,,"WA1 1UR","DX 702501 Warrington 3","349",NULL,NULL,NULL
"1127","1","Court Centre Office","Corporation Road",,,"DN15 6QB","DX 742212 Scunthorpe 10","289",NULL,NULL,NULL
"1128","1","The Magistrates' Court","St John's Road",,,"TA1 4AX","DX 122473 Taunton 7","328",NULL,NULL,NULL
"1129","1","Law Courts","Clifford Street",,,"YO1 9RE","DX 744330 York 41","380",NULL,NULL,NULL
"1130","1","The Court House","Palace Avenue",,,"ME15 6LL",,"217",NULL,NULL,NULL
"1131","1","The Court House","Palace Avenue",,,"ME15 6LL",,"217",NULL,NULL,NULL
"1132","1","The Court House","St Thomas's Square",,,"PR7 1RZ",,"86",NULL,NULL,NULL
"1133","1","Court Administration Centre","P.O. Box 10754",,,"CM1 9PZ","DX 151020 Chelmsford 17","77",NULL,NULL,NULL
"1134","1","Harlaxton Road",,,,"NG31 7SB","DX 711100 Grantham 4","138",NULL,NULL,NULL
"1135","1","The Court House","Clarendon Road",,,"WD17 1ST","DX 51509 Watford 2","351",NULL,NULL,NULL
"1136","1","Bayley House","Sish Lane",,,"SG1 3SS","DX 153620 Old Stevenage 2","314",NULL,NULL,NULL
"1137","1","Central Administration Unit","Thames Magistrates' Court","58 Bow Road",,"E3 4DJ",,"206",NULL,NULL,NULL
"1138","1","HMCTS","P.O. Box 9051",,,"GL1 2XG",,"136",NULL,NULL,NULL
"1139","1","HMCTS South Devon","Nicholson Road",,,"TQ2 7AZ",,"334",NULL,NULL,NULL
"1140","1","15 D'Eynsford Road",,,,"SE5 7UP","DX 157730 Camberwell Green 3","1001",NULL,NULL,NULL
"1141","1","Cornwall (Truro) Magistrates' Court","P.O. Box 60",,,"TR1 1HZ",,"340",NULL,NULL,NULL
"1142","1","Magistrates' Court Office","Winmarleigh Street",,,"WA1 1PB","DX 17793 Warrington 1","349",NULL,NULL,NULL
"1143","1","Regent's Pavilion","Summerhouse Road",,,"NN3 6AS","DX 151720 Northampton 27","231",NULL,NULL,NULL
"1144","1","The Law Courts",,,,"CH7 1AE","DX 702521 Mold 2","229",NULL,NULL,NULL
"1145","1","Civic Centre",,,,"RG1 7TQ","DX 151160 Reading 25","273",NULL,NULL,NULL
"1146","1","Westgate",,,,"LS1 3JP","DX 743890 Leeds (Westgate)","195",NULL,NULL,NULL
"1147","1","Hall Park","Ramsey Brow",,,"CA14 4AS","DX 743420 Workington 5","374",NULL,NULL,NULL
"1148","1","South West Administration Centre","176a Lavender Hill",,,"SW 11 1JU",,"28",NULL,NULL,NULL
"1149","1","Court Administration Centre","PO Box 10754",,,"CM1 9PZ","DX 151020 Chelmsford 17","77",NULL,NULL,NULL
"1150","1","The Law Courts","Knowle Green",,,"TW18 1XH","DX 98045 Staines 2","312",NULL,NULL,NULL
"1151","1","Magistrates Court only:","The Law Courts",,,"CH7 1AE","DX 702521 Mold 2","229",NULL,NULL,NULL
"1152","1","York House","31 York Place",,,"LS1 2BA","DX 26451 Leeds Park Square","195",NULL,NULL,NULL
"1153","1","1 Waterloo Square",NULL,NULL,NULL,"NE1 4DR",NULL,"237",NULL,NULL,NULL
"1154","1","Queen Elizabeth II Law Courts","Derby Square",NULL,NULL,"L2 1XA",NULL,"202",NULL,NULL,NULL
"1155","1","Queen Elizabeth II Law Courts","Derby Square",NULL,NULL,"L2 1XA",NULL,"202",NULL,NULL,NULL
"1156","1","1 Waterloo Square",NULL,NULL,NULL,"NE1 4DR",NULL,"237",NULL,NULL,NULL
"1157","1","Central Administration Unit","Thames Magistrates Court","58 Bow Road",NULL,"E3 4DJ",NULL,"206",NULL,NULL,NULL
"1159","1","Bayley House","Sish Lane",NULL,NULL,"SG1 3SS","DX 153620 Old Stevenage 2","314",NULL,NULL,NULL
"1160","0","Rosemary Street",NULL,NULL,NULL,"NG19 6EE","DX 179560 Mansfield 9","219",NULL,"53.148638","-1.205729"
"1161","1","Stafford Street",NULL,NULL,NULL,"WS2 8HA","DX 12118 Walsall 1","345",NULL,"52.58909","-1.985639"
"1162","1","William Street",NULL,NULL,NULL,"BN2 0RF","DX 98073 Brighton 3","57",NULL,"50.823016","-0.135229"
"1163","1","2nd Floor","Mitre House","Church Street",,"LA1 1UZ","DX 145880 Lancaster 2","192",NULL,"54.050848","-2.803588"
"1165","0","Rolls Building","7 Rolls Buildings","Fetter Lane",NULL,"EC4A 1NL","DX 160040 Strand 4","206",NULL,NULL,NULL
"1166","1","Rolls Building","7 Rolls Buildings","Fetter Lane",NULL,"EC4A 1NL","DX 160040 Strand 4","206",NULL,NULL,NULL
"1167","1","Merthyr Tydfil Combined Courts","The Law Courts",NULL,NULL,"CF47 8BH",NULL,"224",NULL,NULL,NULL
"1168","1","Harrogate Magistrates' Court","P.O.Box 72","The Court House",NULL,"HG1 1LS","DX 742910 Harrogate 3","151",NULL,NULL,NULL
"1170","1","Cornwall (Truro) Magistrates' Court","PO Box 60",,,"TR1 1HZ",,"340",NULL,NULL,NULL
"1172","1","8 Arcade Street",NULL,NULL,NULL,"IP1 1EJ",NULL,"180",NULL,NULL,NULL
"1173","1","The Royal Courts of Justice","Thomas More Building","Strand",,"WC2A 2LL","DX 44450 Strand","206",NULL,NULL,NULL
"1174","1","Cornwall (Truro) Magistrates' Court","P.O. Box 60",,,"TR1 1HZ",,"340",NULL,NULL,NULL
"1177","1","Salford Business Centre","P.O. Box 527",,,"M5 0BY","DX 702634 Salford 5","286",NULL,NULL,NULL
"1178","1","Worksop County Court","Rosemary Street",NULL,NULL,"NG19 6EE","DX 179560 Mansfield 9","219",NULL,"53.148638","-1.205729"
"1181","0","Administration carried out at:","Harrogate MC","The Courthouse","P.O. Box 72, Victoria Avenue","HG1 1LS","DX 742910 Harrogate 3","151",NULL,NULL,NULL
"1182","1","Court Administration Centre","P.O. Box 10754",,,"CM1 9PZ","DX 151020 Chelmsford 17","77",NULL,NULL,NULL
"1183","1","P.O. Box 168",,,,"SA13 9EF",NULL,"266",NULL,NULL,NULL
"1185","1","King George V Road",NULL,NULL,NULL,"HP6 5AJ",NULL,"10",NULL,NULL,NULL
"1187","1","Milton Keynes Magistrates' Court","301 silbury Boulevard","Witan Gate East",NULL,"MK9 2AJ","DX Milton Keynes 136270","227",NULL,NULL,NULL
"1189","1","Mansfield Magistrates' Court","The Court House","Rosemary Street",,"NG19 6EE","DX 179560 Mansfield 9","219",NULL,NULL,NULL
"1191","1","Wrexham County Court","Wreham Law Courts","Bodhyfryd",NULL,"LL12 7BP","DX 745320 Wrexham 9","377",NULL,NULL,NULL
"1192","1","Birmingham District Probate Registry","Priory Courts","33 Bull Street",NULL,"B4 6DU",NULL,"37",NULL,NULL,NULL
"1193","1","District Probate Registry","Ground Floor","8 Arcade Street",NULL,"IP1 1EJ",NULL,"180",NULL,NULL,NULL
"1194","1","St Helens Courthouse","Corporation Street",,,"WA10 1SZ","DX 725020 St. Helens 4","310",NULL,NULL,NULL
"1458","1","Birmingham District Probate Registry","Priory Courts","33 Bull Street",NULL,"B4 6DU",NULL,"37",NULL,NULL,NULL
"1467","1","Devon and Cornwall Central Finance Unit","The Magistrates Court","St Andrew Street",NULL,"PL1 2DP",NULL,"261",NULL,NULL,NULL
